<?xml version="1.0" encoding="UTF-8"?>
<!DOCTYPE mapper PUBLIC "-//ibatis.apache.org//DTD Mapper 3.0//EN" "http://ibatis.apache.org/dtd/ibatis-3-mapper.dtd">

<mapper namespace="com.peru.minero.dao.PcmActivityDAO">

    <select id="getPcmActivityList" parameterType="map" resultType="com.peru.minero.vo.PcmActivityVO">
     	select
            comp.id_estudio as idEstudio,
            mc.descripcion as componenteTipo,
            comp.des_componente as nomComponente,
            ac.id_actividad_cierre as idActividadCierre,
            ac.id_actividad as idActividad,
            ac.id_etapa as idEtapa,
            ac.id_componente as idComponente,
            TO_CHAR(ac.descripcion) as desActividad,
            ta.descripcion as tipoActividad,
            te.descripcion as etapa
        FROM dgaamw.t_pcmd_actividades_cierre ac
        INNER JOIN DGAAMW.t_pcmd_componente comp ON AC.ID_ESTUDIO=COMP.ID_ESTUDIO AND AC.ID_COMPONENTE=COMP.ID_COMPONENTE
        INNER join dgaam.t_mae_componente_tipo mc on comp.id_tipo=mc.id_tipo
        INNER JOIN dgaam.t_pcml_maestra_formulario te ON ac.id_etapa=te.id_maestra
        INNER JOIN dgaam.t_pcml_maestra_formulario ta ON ac.id_actividad=ta.id_maestra
        where ac.id_estudio = #{idEstudio}
        <if test="idActividad != null">
        and ((#{idActividad, jdbcType=INTEGER} is not null and ac.id_actividad_cierre = #{idActividad, jdbcType=INTEGER}) or #{idActividad, jdbcType=INTEGER} is null)
        </if> 
		<if test="idActividad == null">
        and #{idActividad, jdbcType=INTEGER} is null
        </if>                 
        order by ac.id_actividad_cierre
    </select>
     
    <select id="getPcmActCieCnt" parameterType="map" resultType="int">
      select count(*) as existe 
      from dgaamw.t_pcmd_actividades_cierre
      where id_estudio    = #{idEstudio, jdbcType=INTEGER}
        and id_componente = #{idComponente, jdbcType=INTEGER}
        and id_actividad  = #{idActividad, jdbcType=INTEGER}
        and id_etapa      = #{idEtapa, jdbcType=INTEGER}
    </select> 
     
    <!-- 프로시저 호출 Procedure call -->
    <select id="savePcmActivity" resultMap="actResultMap" statementType="CALLABLE">
       { CALL DGAAMW.PACK_PCPAMW.SP_ACTIVIDADES_IUD(
            #{Ln_IdEstudio,    mode=IN, jdbcType=NUMERIC},
            #{Ln_IdComponente, mode=IN, jdbcType=NUMERIC},
            #{Ln_IdEtapa, 	   mode=IN, jdbcType=NUMERIC},
            #{Ln_IdActividad,  mode=IN, jdbcType=NUMERIC},
            #{Ln_IdActividadCierre, mode=IN, jdbcType=NUMERIC},
            #{Ls_Descripcion,  mode=IN, jdbcType=VARCHAR},
            #{Ls_CodOperacion, mode=IN, jdbcType=CHAR},
			#{Ls_Usuario, mode=IN, jdbcType=VARCHAR},
			#{Ls_Ip, mode=IN, jdbcType=VARCHAR},
            #{Lr_Recordset, mode=OUT, jdbcType=CURSOR, resultMap=actResultMap}
        ) }
    </select>
    
    <select id="getMaxActividadCierre" parameterType="map" resultType="int">
    	select nvl(max(id_actividad_cierre),0)+1 from dgaamw.t_pcmd_actividades_cierre
	</select>
	
	<insert id="insertActividadesCierre" parameterType="map">	
        insert into dgaamw.t_pcmd_actividades_cierre(
          id_estudio, id_actividad_cierre, id_componente,
          id_actividad, id_etapa, descripcion, flg_estado,
          usu_ingreso, fec_ingreso, ip_ingreso
        ) values (
           #{Ln_IdEstudio}, #{Ln_IdActividadCierre}, #{Ln_IdComponente},
           #{Ln_IdActividad}, #{Ln_IdEtapa}, #{Ls_Descripcion},'1',
           #{Ls_Usuario},sysdate, #{Ls_Ip}
        )
	</insert>
    
    <delete id="deleteActividadesCierre" parameterType="map">        
    	delete from dgaamw.t_pcmd_actividades_cierre where id_actividad_cierre =  #{Ln_IdActividadCierre}
    </delete>
                
    <resultMap id="actResultMap" type="com.peru.minero.vo.PcmActivityVO">
	    <!-- 프로시저 결과 컬럼과 VO 필드 매핑 -->
	    <result property="responseIdStatus"     column="RESPONSE_ID_STATUS" />
	    <result property="responseDescripcion"  column="RESPONSE_DESCRIPCION" />
	    <result property="responseMaestra"      column="RESPONSE_MAESTRA" />
	</resultMap>
    
                
</mapper>
