<?xml version="1.0" encoding="UTF-8"?>
<!DOCTYPE mapper PUBLIC "-//ibatis.apache.org//DTD Mapper 3.0//EN" "http://ibatis.apache.org/dtd/ibatis-3-mapper.dtd">

<mapper namespace="com.peru.minero.dao.PcmConsultorDAO">

    <insert id="mergeConsultoraDatos" parameterType="com.peru.minero.vo.PcmConsultorVO">
        MERGE INTO DGAAMW.T_NPCPMD_CONSULTORA_DATOS target
        USING (
            SELECT 
                #{idRegistro} AS ID_REGISTRO,
                #{nroExpediente, jdbcType=VARCHAR} AS NRO_EXPEDIENTE,
                #{ctupa, jdbcType=NUMERIC} AS CTUPA,
                #{nombre, jdbcType=VARCHAR} AS RAZON_SOCIAL,
                #{domicio, jdbcType=VARCHAR} AS DIRECCION,
                #{repLegal, jdbcType=VARCHAR} AS REPRESENTANTE_LEGAL,
                #{ruc, jdbcType=VARCHAR} AS RUC,
                #{partida, jdbcType=VARCHAR} AS PARTIDA_REGISTRAL,
                #{telefono, jdbcType=VARCHAR} AS TELEFONO,
                #{fax, jdbcType=VARCHAR} AS FAX,
                #{corElect1, jdbcType=VARCHAR} AS CORREO_ELECTRONICO1,
                #{corElect2, jdbcType=VARCHAR} AS CORREO_ELECTRONICO2,
                #{flgEstado, jdbcType=CHAR} AS FLG_ESTADO,
                #{usuIngreso, jdbcType=VARCHAR} AS USU_INGRESO,
                SYSDATE AS FEC_INGRESO,
                #{ipIngreso, jdbcType=VARCHAR} AS IP_INGRESO,
                #{usuModifica, jdbcType=VARCHAR} AS USU_MODIFICA,
                SYSDATE AS FEC_MODIFICA,
                #{ipModifica, jdbcType=VARCHAR} AS IP_MODIFICA
            FROM dual
        ) src
        ON (target.RUC = src.RUC)
        WHEN MATCHED THEN
            UPDATE SET
                NRO_EXPEDIENTE = src.NRO_EXPEDIENTE,
                CTUPA		 = src.CTUPA,
                RAZON_SOCIAL = src.RAZON_SOCIAL,
                DIRECCION = src.DIRECCION,
                REPRESENTANTE_LEGAL = src.REPRESENTANTE_LEGAL,
                PARTIDA_REGISTRAL = src.PARTIDA_REGISTRAL,
                TELEFONO = src.TELEFONO,
                FAX = src.FAX,
                CORREO_ELECTRONICO1 = src.CORREO_ELECTRONICO1,
                CORREO_ELECTRONICO2 = src.CORREO_ELECTRONICO2,
                FLG_ESTADO = src.FLG_ESTADO,
                USU_MODIFICA = src.USU_MODIFICA,
                FEC_MODIFICA = src.FEC_MODIFICA,
                IP_MODIFICA = src.IP_MODIFICA
        WHEN NOT MATCHED THEN
            INSERT (
                ID_REGISTRO, NRO_EXPEDIENTE, CTUPA, RAZON_SOCIAL, DIRECCION,
                REPRESENTANTE_LEGAL, RUC, PARTIDA_REGISTRAL, TELEFONO, FAX,
                CORREO_ELECTRONICO1, CORREO_ELECTRONICO2, FLG_ESTADO,
                USU_INGRESO, FEC_INGRESO, IP_INGRESO
            ) 
            VALUES (
                src.ID_REGISTRO, src.NRO_EXPEDIENTE, src.CTUPA, src.RAZON_SOCIAL, src.DIRECCION,
                src.REPRESENTANTE_LEGAL, src.RUC, src.PARTIDA_REGISTRAL, src.TELEFONO, src.FAX,
                src.CORREO_ELECTRONICO1, src.CORREO_ELECTRONICO2, src.FLG_ESTADO,
                src.USU_INGRESO, src.FEC_INGRESO, src.IP_INGRESO
            )
    </insert>
    
	<insert id="mergeConsultoraDocumentoBlob" parameterType="com.peru.minero.vo.PcmConsultorFileVO">
        MERGE INTO DGAAMW.T_NPCPMD_CONSULTORA_DOCUMENTO_BLOB target
        USING (
            SELECT	#{idRegistro} AS ID_REGISTRO, #{idConsultor} AS ID_CONSULTOR, #{expEmpresa, jdbcType=VARCHAR} AS EXPERIENCIA_EMPRESA, #{archivoTipo} AS ARCHIVO_TIPO 
            	  , #{idArchivo} AS ID_ARCHIVO, #{idArchivoSeq, jdbcType=NUMERIC} AS ID_ARCHIVO_SEQ 
            	  , #{proyectoSeq, jdbcType=NUMERIC} AS PROYECTO_SEQ, #{nombreProyecto, jdbcType=VARCHAR} AS NOMBRE_PROYECTO
           	FROM DUAL
        ) source
        ON (
            target.ID_REGISTRO = source.ID_REGISTRO AND target.ID_CONSULTOR = source.ID_CONSULTOR
            AND target.EXPERIENCIA_EMPRESA = source.EXPERIENCIA_EMPRESA
            AND target.ARCHIVO_TIPO = source.ARCHIVO_TIPO AND target.ID_ARCHIVO = source.ID_ARCHIVO
            <if test="detPartFileYn != null and detPartFileYn == 'YES'">
            AND target.ID_ARCHIVO_SEQ = source.ID_ARCHIVO_SEQ AND target.PROYECTO_SEQ = source.PROYECTO_SEQ 
            </if>
            )
        WHEN MATCHED THEN
            UPDATE SET
             <if test="detPartFileYn != null and detPartFileYn != 'YES'">
                ID_ARCHIVO_SEQ = #{idArchivoSeq, jdbcType=NUMERIC},
                PROYECTO_SEQ    = #{proyectoSeq, jdbcType=NUMERIC},
             	NOMBRE_PROYECTO = #{nombreProyecto, jdbcType=VARCHAR},
             </if>
                NOMBRE_ARCHIVO = #{nombreArchivo},
                DOCUMENTO 	   = EMPTY_BLOB(),
                USU_MODIFICA = #{usuModifica, jdbcType=VARCHAR},
                FEC_MODIFICA = SYSDATE,
                IP_MODIFICA = #{ipModifica, jdbcType=VARCHAR}
        WHEN NOT MATCHED THEN
            INSERT (ID_REGISTRO, ID_CONSULTOR, EXPERIENCIA_EMPRESA, ARCHIVO_TIPO, ID_ARCHIVO, ID_ARCHIVO_SEQ, PROYECTO_SEQ, NOMBRE_PROYECTO, NOMBRE_ARCHIVO, DOCUMENTO, FLG_ESTADO, USU_INGRESO, FEC_INGRESO, IP_INGRESO)
            VALUES (#{idRegistro}, #{idConsultor}, #{expEmpresa, jdbcType=VARCHAR}, #{archivoTipo}, #{idArchivo}, #{idArchivoSeq}, #{proyectoSeq, jdbcType=NUMERIC}, #{nombreProyecto, jdbcType=VARCHAR}, #{nombreArchivo}, EMPTY_BLOB(), 'A', #{usuIngreso, jdbcType=VARCHAR}, SYSDATE, #{ipIngreso, jdbcType=VARCHAR})
    </insert>
    
    <update id="updateConsultoraDocumentoBlob" parameterType="com.peru.minero.vo.PcmConsultorFileVO">
	     UPDATE DGAAMW.T_NPCPMD_CONSULTORA_DOCUMENTO_BLOB 
	     SET    NOMBRE_PROYECTO = #{nombreProyecto, jdbcType=VARCHAR},
	            USU_MODIFICA = #{usuModifica, jdbcType=VARCHAR},
	            FEC_MODIFICA = SYSDATE,
	            IP_MODIFICA = #{ipModifica, jdbcType=VARCHAR}
	     WHERE  ID_REGISTRO = #{idRegistro}
	     AND ID_CONSULTOR = #{idConsultor}
	     AND EXPERIENCIA_EMPRESA = #{expEmpresa, jdbcType=VARCHAR}
	     AND ARCHIVO_TIPO 	= #{archivoTipo}
	     AND ID_ARCHIVO 	= #{idArchivo, jdbcType=NUMERIC}
	     AND ID_ARCHIVO_SEQ	= #{idArchivoSeq, jdbcType=NUMERIC} 
	     AND PROYECTO_SEQ 	= #{proyectoSeq, jdbcType=NUMERIC}
    </update>             
	
	<insert id="mergeConsultoraRequisitos" parameterType="com.peru.minero.vo.PcmConsultorVO">
		MERGE INTO DGAAMW.T_NPCPMD_CONSULTORA_REQUISITOS target
		USING (
		    SELECT ID_REGISTRO
		        , MAX(INSCRIPCION_TIPO) AS INSCRIPCION_TIPO
		        , MAX(ID_PAGO_ARCHIVO) AS ID_PAGO_ARCHIVO
		        , MAX(ID_CV_DE_CADA) AS ID_CV_DE_CADA
		        , MAX(ID_FORMATO1_ARCHIVO) AS ID_FORMATO1_ARCHIVO
		        , MAX(ID_CONSOR_ARCHIVO) AS ID_CONSOR_ARCHIVO
		        , MAX(ID_BALANCE_ARCHIVO) AS ID_BALANCE_ARCHIVO
		        , MAX(ID_DJNO_INSOL_ARCHIVO) AS ID_DJNO_INSOL_ARCHIVO
		        , MAX(ID_PROF_ARCHIVO) AS ID_PROF_ARCHIVO
		        , MAX(ID_DJNO_TRAB_ARCHIVO) AS ID_DJNO_TRAB_ARCHIVO
		        , MAX(USU_INGRESO) AS USU_INGRESO
		        , MAX(FEC_INGRESO) AS FEC_INGRESO
		        , MAX(IP_INGRESO) AS IP_INGRESO
		        , MAX(USU_MODIFICA) AS USU_MODIFICA
		        , MAX(FEC_MODIFICA) AS FEC_MODIFICA
		        , MAX(IP_MODIFICA) AS IP_MODIFICA
		    FROM (
		        SELECT ID_REGISTRO
		            , #{solicitud, jdbcType=VARCHAR} AS INSCRIPCION_TIPO
		            , DECODE(ARCHIVO_TIPO, 'pagoFile', ID_ARCHIVO, '') AS ID_PAGO_ARCHIVO
		            , DECODE(ARCHIVO_TIPO, 'cvFile', ID_ARCHIVO, '')  AS ID_CV_DE_CADA
		            , DECODE(ARCHIVO_TIPO, 'formato1File', ID_ARCHIVO, '') AS ID_FORMATO1_ARCHIVO
		            , DECODE(ARCHIVO_TIPO, 'consoFile', ID_ARCHIVO, '') AS ID_CONSOR_ARCHIVO
		            , DECODE(ARCHIVO_TIPO, 'balGenFile', ID_ARCHIVO, '') AS ID_BALANCE_ARCHIVO
		            , DECODE(ARCHIVO_TIPO, 'djnoInFile', ID_ARCHIVO, '') AS ID_DJNO_INSOL_ARCHIVO
		            , DECODE(ARCHIVO_TIPO, 'profFile', ID_ARCHIVO, '') AS ID_PROF_ARCHIVO
		            , DECODE(ARCHIVO_TIPO, 'djnoTraFile', ID_ARCHIVO, '') AS ID_DJNO_TRAB_ARCHIVO
		            , #{usuIngreso, jdbcType=VARCHAR} AS USU_INGRESO
		            , SYSDATE AS FEC_INGRESO
		            , #{ipIngreso, jdbcType=VARCHAR} AS IP_INGRESO
		            , #{usuModifica, jdbcType=VARCHAR} AS USU_MODIFICA
		            , SYSDATE AS FEC_MODIFICA
		            , #{ipModifica, jdbcType=VARCHAR} AS IP_MODIFICA
		        FROM DGAAMW.T_NPCPMD_CONSULTORA_DOCUMENTO_BLOB
		        WHERE ID_REGISTRO = #{idRegistro} AND ID_CONSULTOR = #{idConsultor}
		    ) 
		    GROUP BY ID_REGISTRO
		) source
		ON (target.ID_REGISTRO = source.ID_REGISTRO)
		WHEN MATCHED THEN
		    UPDATE SET
		        target.INSCRIPCION_TIPO = source.INSCRIPCION_TIPO,
		        target.ID_PAGO_ARCHIVO = source.ID_PAGO_ARCHIVO,
		        target.ID_CV_DE_CADA = source.ID_CV_DE_CADA,
		        target.ID_FORMATO1_ARCHIVO = source.ID_FORMATO1_ARCHIVO,
		        target.ID_CONSOR_ARCHIVO = source.ID_CONSOR_ARCHIVO,
		        target.ID_BALANCE_ARCHIVO = source.ID_BALANCE_ARCHIVO,
		        target.ID_DJNO_INSOL_ARCHIVO = source.ID_DJNO_INSOL_ARCHIVO,
		        target.ID_PROF_ARCHIVO = source.ID_PROF_ARCHIVO,
		        target.ID_DJNO_TRAB_ARCHIVO = source.ID_DJNO_TRAB_ARCHIVO,
		        target.USU_MODIFICA = source.USU_MODIFICA,
		        target.FEC_MODIFICA = source.FEC_MODIFICA,
		        target.IP_MODIFICA = source.IP_MODIFICA
		WHEN NOT MATCHED THEN
		    INSERT (
		        ID_REGISTRO,
		        INSCRIPCION_TIPO,
		        ID_PAGO_ARCHIVO,
		        ID_CV_DE_CADA,
		        ID_FORMATO1_ARCHIVO,
		        ID_CONSOR_ARCHIVO,
		        ID_BALANCE_ARCHIVO,
		        ID_DJNO_INSOL_ARCHIVO,
		        ID_PROF_ARCHIVO,
		        ID_DJNO_TRAB_ARCHIVO,
		        USU_INGRESO,
		        FEC_INGRESO,
		        IP_INGRESO
		    ) VALUES (
		        source.ID_REGISTRO,
		        source.INSCRIPCION_TIPO,
		        source.ID_PAGO_ARCHIVO,
		        source.ID_CV_DE_CADA,
		        source.ID_FORMATO1_ARCHIVO,
		        source.ID_CONSOR_ARCHIVO,
		        source.ID_BALANCE_ARCHIVO,
		        source.ID_DJNO_INSOL_ARCHIVO,
		        source.ID_PROF_ARCHIVO,
		        source.ID_DJNO_TRAB_ARCHIVO,
		        source.USU_INGRESO,
		        source.FEC_INGRESO,
		        source.IP_INGRESO
		    )
	</insert>
	
    <select id="getMaxIdRegistro" parameterType="map" resultType="long">
		 SELECT 
		 	NVL(
			    MAX(
			        COALESCE(
			            (SELECT MAX(ID_REGISTRO) FROM DGAAMW.T_NPCPMD_CONSULTORA_DATOS WHERE RUC = #{ruc, jdbcType=VARCHAR}),
			            (SELECT NVL(MAX(ID_REGISTRO) + 1, 1) FROM DGAAMW.T_NPCPMD_CONSULTORA_DATOS)
			        )
			    ),0 
			) AS ID_REGISTRO
		FROM DUAL
	</select>
	<!-- ID_REGISTRO = idRegistro AND NRO_EXPEDIENTE = nroExpediente  -->

    <select id="getMaxIdArchivo" parameterType="map" resultType="int">
 		SELECT 
		 	NVL(
			    MAX(
			        COALESCE(
			            (SELECT MAX(ID_ARCHIVO) FROM DGAAMW.T_NPCPMD_CONSULTORA_DOCUMENTO_BLOB             WHERE ID_REGISTRO = #{idRegistro} AND ID_CONSULTOR = #{idConsultor} AND ARCHIVO_TIPO = #{archivoTipo, jdbcType=VARCHAR} AND ID_ARCHIVO = #{idArchivo, jdbcType=NUMERIC}),
			            (SELECT NVL(MAX(ID_ARCHIVO) + 1, 1) FROM DGAAMW.T_NPCPMD_CONSULTORA_DOCUMENTO_BLOB WHERE ID_REGISTRO = #{idRegistro} AND ID_CONSULTOR = #{idConsultor} AND ARCHIVO_TIPO = #{archivoTipo, jdbcType=VARCHAR} AND ID_ARCHIVO = #{idArchivo, jdbcType=NUMERIC})
			        )
			    ),0 
			) AS ID_ARCHIVO
		FROM DUAL    
	</select>  
	
	<select id="getMaxProyIdArchivo" parameterType="map" resultType="int">
		SELECT NVL(MAX(ID_ARCHIVO) + 1, 1) FROM DGAAMW.T_NPCPMD_CONSULTORA_DOCUMENTO_BLOB 
		WHERE ID_REGISTRO = #{idRegistro} AND ID_CONSULTOR = #{idConsultor} AND EXPERIENCIA_EMPRESA = #{expEmpresa, jdbcType=VARCHAR} 
		AND ARCHIVO_TIPO = #{archivoTipo, jdbcType=VARCHAR} AND ID_ARCHIVO = #{idArchivo, jdbcType=NUMERIC}
	</select>  
	
	<select id="getPcmConsultorList" parameterType="map" resultType="com.peru.minero.vo.PcmConsultorVO">
		SELECT RNUM,idRegistro, ctupa, ruc 
				,idConsultor,nombres,apellido
				,especialidad 
			FROM (
				    SELECT B.idRegistro, B.ctupa, B.ruc
				    , B.idConsultor, B.nombres, B.apellido
				    , B.especialidad
				    ,ROW_NUMBER() OVER (ORDER BY B.idConsultor ASC) AS RNUM
					FROM (
						SELECT DISTINCT
								  C.ID_REGISTRO AS idRegistro
								, C.CTUPA AS ctupa								  
								, A.RUC AS ruc
				    			, A.ID_CONSULTOR AS idConsultor
						 		, A.NOMBRES AS nombres 
								, A.APELLIDO_PATERNO || ' ' || A.APELLIDO_MATERNO AS apellido
					       		,(SELECT MAX(DESCRIPTION) FROM DGAAMW.NPNM_CODE WHERE GROUP_ID = '2' AND CODE_VALUE = A.ESPECIALIDAD) AS especialidad
						FROM DGAAMW.T_NPCPMD_CONSULTORA_PROFESIONAL A , DGAAMW.T_NPCPMD_CONSULTORA_DATOS C , DGAAMW.T_NPCPMD_CONSULTORA_EXPERIENCIA D
						WHERE 1=1
						AND A.RUC = #{ruc, jdbcType=VARCHAR}
						AND A.RUC = C.RUC
						AND A.ID_CONSULTOR = D.ID_CONSULTOR
						<if test="dni != null and dni != '' and dni.matches('\\d+')">
							AND A.DNI = #{dni, jdbcType=VARCHAR}
				        </if>
					) B
					ORDER BY B.idConsultor
			)
			WHERE RNUM BETWEEN ((#{currentPage}-1)*20)+1 AND (#{currentPage}*20)
	</select>
	
   <select id="getPcmConsultorListTot" parameterType="java.util.Map" resultType="int">
	SELECT COUNT(*) 
	FROM   (
		    	SELECT B.idRegistro, B.ruc
			    , B.idConsultor, B.nombres, B.apellido
			    , B.especialidad
			    ,ROW_NUMBER() OVER (ORDER BY B.idConsultor ASC) AS RNUM
				FROM (
					SELECT DISTINCT
							  C.ID_REGISTRO AS idRegistro
							, A.RUC AS ruc
			    			, A.ID_CONSULTOR AS idConsultor
					 		, A.NOMBRES AS nombres 
							, A.APELLIDO_PATERNO || ' ' || A.APELLIDO_MATERNO AS apellido
				       		,(SELECT MAX(DESCRIPTION) FROM DGAAMW.NPNM_CODE WHERE GROUP_ID = '2' AND CODE_VALUE = A.ESPECIALIDAD) AS especialidad 
					FROM DGAAMW.T_NPCPMD_CONSULTORA_PROFESIONAL A , DGAAMW.T_NPCPMD_CONSULTORA_DATOS C , DGAAMW.T_NPCPMD_CONSULTORA_EXPERIENCIA D
					WHERE 1=1
					AND A.RUC = #{ruc, jdbcType=VARCHAR}
					AND A.RUC = C.RUC
					AND A.ID_CONSULTOR = D.ID_CONSULTOR
					<if test="dni != null and dni != '' and dni.matches('\\d+')">
						AND A.DNI = #{dni, jdbcType=VARCHAR}
			        </if>
				) B
		)
	</select>
   		     
   		     
   <select id="getPcmConsultoraDatos" parameterType="map" resultType="com.peru.minero.vo.PcmConsultorVO">
    SELECT 	  ID_REGISTRO 		   AS idRegistro
             ,NRO_EXPEDIENTE       AS nroExpediente
             ,RAZON_SOCIAL         AS razonSocial
             ,DIRECCION            AS direccion
             ,REPRESENTANTE_LEGAL  AS repLegal
             ,RUC				   AS ruc	
             ,PARTIDA_REGISTRAL    AS partida
             ,TELEFONO 			   AS telefono
             ,FAX 				   AS fax
             ,CORREO_ELECTRONICO1  AS corElect1
             ,CORREO_ELECTRONICO2  AS corElect2
             ,FLG_ESTADO 		   AS flgEstado
             ,USU_INGRESO 		   AS usuIngreso
             ,FEC_INGRESO 		   AS fecIngreso 
             ,IP_INGRESO 		   AS ipIngreso
             ,USU_MODIFICA 		   AS usuModifica
             ,FEC_MODIFICA 		   AS fecModifica 
             ,IP_MODIFICA 		   AS ipModifica
	FROM DGAAMW.T_NPCPMD_CONSULTORA_DATOS
	WHERE ruc = #{ruc, jdbcType=VARCHAR}
   </select>

   <select id="getEspecialList" resultType="map">
		/* getEspecialList */
		SELECT C.CODE_VALUE, C.CODE_NAME, C.DESCRIPTION
		  FROM DGAAMW.NPNM_CODE C
		  INNER JOIN DGAAMW.NPCM_CODE_GROUP G ON
		   G.GROUP_ID = C.GROUP_ID
		 WHERE C.GROUP_ID = '2' 
		 ORDER BY C.GROUP_ID
	</select>

   <select id="getCompanyList" resultType="map">
		/* getCompanyList */
		SELECT RAZON_SOCIAL , RUC
		FROM DGAAMW.T_NPCPMD_CONSULTORA_DATOS
		WHERE 1=1
		ORDER BY RAZON_SOCIAL
	</select>
	
	<select id="getMaxIdConsultor" parameterType="map" resultType="int">
		SELECT 
		 	NVL(
			    MAX(
			        COALESCE(
			            (SELECT MAX(ID_CONSULTOR) FROM DGAAMW.T_NPCPMD_CONSULTORA_PROFESIONAL WHERE DNI = #{dni, jdbcType=VARCHAR}),
			            (SELECT NVL(MAX(ID_CONSULTOR) + 1, 1) FROM DGAAMW.T_NPCPMD_CONSULTORA_PROFESIONAL)
			        )
			    ),0 
			) AS ID_CONSULTOR
		FROM DUAL   
	</select>  
	
    <insert id="mergeConsultoraProf" parameterType="com.peru.minero.vo.PcmConsultorVO">
        MERGE INTO DGAAMW.T_NPCPMD_CONSULTORA_PROFESIONAL target
        USING (
            SELECT 
                #{idConsultor} AS ID_CONSULTOR,
                #{ruc} AS RUC,
                #{nombres} AS NOMBRES,
                #{apelPat} AS APELLIDO_PATERNO,
                #{apelMat} AS APELLIDO_MATERNO,
                #{dni, jdbcType=VARCHAR} AS DNI,
                #{idDniArchivo} AS ID_DNI_ARCHIVO,
                #{idColeArchivo} AS ID_COLEGIATURA_ARCHIVO,
                #{idColegia} AS ID_COLEGIATURA,
                #{especialidad} AS ESPECIALIDAD,
                #{usuIngreso} AS USU_INGRESO,
                SYSDATE AS FEC_INGRESO,
                #{ipIngreso} AS IP_INGRESO,
                #{usuModifica} AS USU_MODIFICA,
                SYSDATE AS FEC_MODIFICA,
                #{ipModifica} AS IP_MODIFICA
            FROM DUAL
        ) source
        ON (target.ID_CONSULTOR = source.ID_CONSULTOR)
        WHEN MATCHED THEN 
            UPDATE SET 
                target.RUC = source.RUC,
                target.NOMBRES = source.NOMBRES,
                target.APELLIDO_PATERNO = source.APELLIDO_PATERNO,
                target.APELLIDO_MATERNO = source.APELLIDO_MATERNO,
                target.DNI = source.DNI,
                target.ID_DNI_ARCHIVO = source.ID_DNI_ARCHIVO,
                target.ID_COLEGIATURA_ARCHIVO = source.ID_COLEGIATURA_ARCHIVO,
                target.ID_COLEGIATURA = source.ID_COLEGIATURA,
                target.ESPECIALIDAD = source.ESPECIALIDAD,
                target.USU_MODIFICA = source.USU_MODIFICA,
                target.FEC_MODIFICA = source.FEC_MODIFICA,
                target.IP_MODIFICA = source.IP_MODIFICA
        WHEN NOT MATCHED THEN
            INSERT (
                ID_CONSULTOR, RUC, NOMBRES, APELLIDO_PATERNO, APELLIDO_MATERNO, DNI, ID_DNI_ARCHIVO,
                ID_COLEGIATURA_ARCHIVO, ID_COLEGIATURA, ESPECIALIDAD, USU_INGRESO, FEC_INGRESO, IP_INGRESO
            )
            VALUES (
                source.ID_CONSULTOR, source.RUC, source.NOMBRES, source.APELLIDO_PATERNO, 
                source.APELLIDO_MATERNO, source.DNI, source.ID_DNI_ARCHIVO, source.ID_COLEGIATURA_ARCHIVO, source.ID_COLEGIATURA,
                source.ESPECIALIDAD, source.USU_INGRESO, source.FEC_INGRESO, source.IP_INGRESO
            )
    </insert>

	<insert id="mergeConsultoraExperiencia" parameterType="com.peru.minero.vo.PcmConsultorVO">
	    MERGE INTO DGAAMW.T_NPCPMD_CONSULTORA_EXPERIENCIA target
	    USING (
	        SELECT 
	            #{idConsultor} AS ID_CONSULTOR,
	            #{dni} AS DNI,
	            #{empresaSeq} AS EMPRESA_SEQ,
	            #{expEmpresa, jdbcType=VARCHAR} AS EXPERIENCIA_EMPRESA,
	            #{fechaIni, jdbcType=DATE} AS FECHA_INICIO,
	            #{fechaFin, jdbcType=DATE} AS FECHA_FINAL,
	            #{anosExp, jdbcType=VARCHAR} AS ANOS_EXPERIENCIA,
	            #{idCertArchivo, jdbcType=NUMERIC} AS ID_CERT_EXP_LAB_ARCHIVO,
	            #{proyectoSeq, jdbcType=NUMERIC} AS PROYECTO_SEQ,
	            #{expProyecto, jdbcType=VARCHAR} AS EXP_PROYECTO,
	            #{nombreProyecto, jdbcType=VARCHAR} AS NOMBRE_PROYECTO,
	            #{idDetPart, jdbcType=NUMERIC} AS ID_DET_PARTICIPACION,
	            #{idDdjjArchivo} AS ID_DDJJ_NO_MINERO_ARCHIVO,
	            #{flgEstado, jdbcType=CHAR} AS FLG_ESTADO,
	            #{usuIngreso} AS USU_INGRESO,
	            SYSDATE AS FEC_INGRESO,
	            #{ipIngreso} AS IP_INGRESO,
	            #{usuModifica} AS USU_MODIFICA,
	            SYSDATE AS FEC_MODIFICA,
	            #{ipModifica} AS IP_MODIFICA
	        FROM DUAL
	    ) source
	    ON (target.ID_CONSULTOR = source.ID_CONSULTOR AND target.DNI = source.DNI AND target.EMPRESA_SEQ = source.EMPRESA_SEQ AND target.EXPERIENCIA_EMPRESA = source.EXPERIENCIA_EMPRESA 
	    	AND target.PROYECTO_SEQ = source.PROYECTO_SEQ
	    )
	    WHEN MATCHED THEN
	        UPDATE SET
	            target.FECHA_INICIO = source.FECHA_INICIO,
	            target.FECHA_FINAL = source.FECHA_FINAL,
	            target.ANOS_EXPERIENCIA = source.ANOS_EXPERIENCIA,
	            target.ID_CERT_EXP_LAB_ARCHIVO = source.ID_CERT_EXP_LAB_ARCHIVO,
	            target.EXP_PROYECTO = source.EXP_PROYECTO,
	            target.NOMBRE_PROYECTO = source.NOMBRE_PROYECTO,
	            target.ID_DDJJ_NO_MINERO_ARCHIVO = source.ID_DDJJ_NO_MINERO_ARCHIVO,
	            target.FLG_ESTADO = source.FLG_ESTADO,
	            target.USU_MODIFICA = source.USU_MODIFICA,
	            target.FEC_MODIFICA = source.FEC_MODIFICA,
	            target.IP_MODIFICA = source.IP_MODIFICA
	    WHEN NOT MATCHED THEN
	        INSERT (
	            ID_CONSULTOR,
	            DNI,
	            EMPRESA_SEQ,
	            EXPERIENCIA_EMPRESA,
	            FECHA_INICIO,
	            FECHA_FINAL,
	            ANOS_EXPERIENCIA,
	            ID_CERT_EXP_LAB_ARCHIVO,
	            PROYECTO_SEQ,
	            EXP_PROYECTO,
	            NOMBRE_PROYECTO,
	            ID_DET_PARTICIPACION,
	            ID_DDJJ_NO_MINERO_ARCHIVO,
	            FLG_ESTADO,
	            USU_INGRESO,
	            FEC_INGRESO,
	            IP_INGRESO,
	            USU_MODIFICA,
	            FEC_MODIFICA,
	            IP_MODIFICA
	        )
	        VALUES (
	            source.ID_CONSULTOR,
	            source.DNI,
	            source.EMPRESA_SEQ,
	            source.EXPERIENCIA_EMPRESA,
	            source.FECHA_INICIO,
	            source.FECHA_FINAL,
	            source.ANOS_EXPERIENCIA,
	            source.ID_CERT_EXP_LAB_ARCHIVO,
	            source.PROYECTO_SEQ,
	            source.EXP_PROYECTO,
	            source.NOMBRE_PROYECTO,
	            source.ID_DET_PARTICIPACION,
	            source.ID_DDJJ_NO_MINERO_ARCHIVO,
	            source.FLG_ESTADO,
	            source.USU_INGRESO,
	            source.FEC_INGRESO,
	            source.IP_INGRESO,
	            source.USU_MODIFICA,
	            source.FEC_MODIFICA,
	            source.IP_MODIFICA
	        )
	</insert>

	<select id="getMaxEmpresaSeq" parameterType="map" resultType="int">
	    SELECT 
	 	NVL(
		    MAX(
		        COALESCE(
		            (SELECT MAX(EMPRESA_SEQ) FROM DGAAMW.T_NPCPMD_CONSULTORA_EXPERIENCIA WHERE ID_CONSULTOR = #{idConsultor, jdbcType=NUMERIC} AND DNI = #{dni, jdbcType=VARCHAR} AND EXPERIENCIA_EMPRESA = #{expEmpresa, jdbcType=VARCHAR}),
		            (SELECT NVL(MAX(EMPRESA_SEQ) + 1, 1) FROM DGAAMW.T_NPCPMD_CONSULTORA_EXPERIENCIA WHERE ID_CONSULTOR = #{idConsultor, jdbcType=NUMERIC} AND DNI = #{dni, jdbcType=VARCHAR} AND EXPERIENCIA_EMPRESA = #{expEmpresa, jdbcType=VARCHAR})
		        )
		    ),0 
		) AS PROYECTO_SEQ
		FROM DUAL 
    </select> 
    
	<select id="getMaxProyectoSeq" parameterType="map" resultType="int">
	    SELECT 
	 	NVL(
		    MAX(
		        COALESCE(
		        	(SELECT MAX(PROYECTO_SEQ)  			  FROM DGAAMW.T_NPCPMD_CONSULTORA_EXPERIENCIA WHERE ID_CONSULTOR = #{idConsultor, jdbcType=NUMERIC} AND EMPRESA_SEQ = #{empresaSeq, jdbcType=VARCHAR} AND PROYECTO_SEQ = #{proyectoSeq, jdbcType=VARCHAR}),
		            (SELECT NVL(MAX(PROYECTO_SEQ) + 1, 1) FROM DGAAMW.T_NPCPMD_CONSULTORA_EXPERIENCIA WHERE ID_CONSULTOR = #{idConsultor, jdbcType=NUMERIC} AND EMPRESA_SEQ = #{empresaSeq, jdbcType=VARCHAR} AND PROYECTO_SEQ = #{proyectoSeq, jdbcType=VARCHAR})
		        )
		    ),0 
		) AS PROYECTO_SEQ
		FROM DUAL 
    </select> 
     
	<select id="getMaxArchivoSeq" parameterType="map" resultType="int">
		SELECT 
		 	NVL(
			    MAX(
			        COALESCE(
			            (SELECT MAX(ID_ARCHIVO_SEQ)             FROM DGAAMW.T_NPCPMD_CONSULTORA_DOCUMENTO_BLOB WHERE ID_REGISTRO = #{idRegistro, jdbcType=NUMERIC} AND ID_CONSULTOR = #{idConsultor, jdbcType=NUMERIC} AND EXPERIENCIA_EMPRESA = #{expEmpresa, jdbcType=VARCHAR} AND ARCHIVO_TIPO = #{archivoTipo, jdbcType=VARCHAR} AND ID_ARCHIVO =  #{idArchivo, jdbcType=NUMERIC} AND ID_ARCHIVO_SEQ =  #{idArchivoSeq, jdbcType=NUMERIC}),
			            (SELECT NVL(MAX(ID_ARCHIVO_SEQ) + 1, 1) FROM DGAAMW.T_NPCPMD_CONSULTORA_DOCUMENTO_BLOB WHERE ID_REGISTRO = #{idRegistro, jdbcType=NUMERIC} AND ID_CONSULTOR = #{idConsultor, jdbcType=NUMERIC} AND EXPERIENCIA_EMPRESA = #{expEmpresa, jdbcType=VARCHAR} AND ARCHIVO_TIPO = #{archivoTipo, jdbcType=VARCHAR} AND ID_ARCHIVO =  #{idArchivo, jdbcType=NUMERIC} AND ID_ARCHIVO_SEQ =  #{idArchivoSeq, jdbcType=NUMERIC})
			        )
			    ),0 
			) AS ID_CONSULTOR
		FROM DUAL  
    </select> 


    <select id="getDetPartMaxIdArchivo" parameterType="map" resultType="int">
        SELECT NVL(MAX(ID_ARCHIVO) + 1, 1) 
        FROM DGAAMW.T_NPCPMD_CONSULTORA_DOCUMENTO_BLOB 
        WHERE ID_REGISTRO = #{idRegistro} AND ID_CONSULTOR = #{idConsultor} AND ARCHIVO_TIPO = #{archivoTipo, jdbcType=VARCHAR} AND ID_ARCHIVO   = #{idArchivo, jdbcType=NUMERIC} 
	</select> 

	<select id="getDetPartMaxArchivoSeq" parameterType="map" resultType="int">
		SELECT NVL(MAX(ID_ARCHIVO_SEQ) + 1, 1) 
		FROM DGAAMW.T_NPCPMD_CONSULTORA_DOCUMENTO_BLOB 
		WHERE ID_REGISTRO  = #{idRegistro, jdbcType=NUMERIC}  AND ID_CONSULTOR = #{idConsultor, jdbcType=NUMERIC} 
		 AND  ARCHIVO_TIPO = #{archivoTipo, jdbcType=VARCHAR} AND ID_ARCHIVO   = #{idArchivo, jdbcType=NUMERIC} 
		 AND  ID_ARCHIVO_SEQ = #{idArchivoSeq, jdbcType=NUMERIC} 
    </select> 

	<select id="getDetPartArchivoInfo" parameterType="map" resultType="com.peru.minero.vo.PcmConsultorVO">
		SELECT NVL(MAX(ID_ARCHIVO), 1) AS idArchivo, NVL(MAX(ID_ARCHIVO_SEQ), 1) AS idArchivoSeq 
		FROM DGAAMW.T_NPCPMD_CONSULTORA_DOCUMENTO_BLOB 
		WHERE ID_REGISTRO     = #{idRegistro, jdbcType=NUMERIC}  AND ID_CONSULTOR = #{idConsultor, jdbcType=NUMERIC} 
		 AND  ARCHIVO_TIPO    = #{idArchivoTipo, jdbcType=VARCHAR} AND ID_ARCHIVO   = #{idArchivo, jdbcType=NUMERIC}
		 AND  ID_ARCHIVO_SEQ  = #{idArchivoSeq, jdbcType=NUMERIC} 
    </select> 
        
        
    <select id="getPcmProfDet" parameterType="map" resultType="com.peru.minero.vo.PcmConsultorVO">
	    SELECT NOMBRES AS nombres
		      ,ID_COLEGIATURA AS idColegia 
		      /*,DOCUMENTO*/
		      ,APELLIDO_PATERNO AS apelPat
		      ,APELLIDO_MATERNO AS apelMat
			  ,ESPECIALIDAD AS especialidad 
			  ,DNI AS dni
			  ,RUC AS ruc
			  ,coleFnm,dniFnm,certFnm,ddjjFnm
			  ,ID_CONSULTOR AS idConsultor
			  ,ID_REGISTRO AS idRegistro
		FROM (
			SELECT    
			       A.NOMBRES 
			      ,A.ID_COLEGIATURA 
			      /*,(SELECT DOCUMENTO 
			        FROM DGAAMW.T_NPCPMD_CONSULTORA_DOCUMENTO_BLOB 
			        WHERE ID_REGISTRO = C.ID_REGISTRO AND ID_CONSULTOR = A.ID_CONSULTOR AND ARCHIVO_TIPO = 'coleFile' AND ID_ARCHIVO = 0 ) AS DOCUMENTO*/
			      ,A.APELLIDO_PATERNO 
			      ,A.APELLIDO_MATERNO 
				  ,A.ESPECIALIDAD  
				  ,A.DNI 
				  ,A.RUC
				  ,A.ID_CONSULTOR
				  ,C.ID_REGISTRO
				  ,(SELECT MAX(NOMBRE_ARCHIVO)
					FROM DGAAMW.T_NPCPMD_CONSULTORA_DOCUMENTO_BLOB 
					WHERE ID_REGISTRO = C.ID_REGISTRO 
					AND ID_CONSULTOR = A.ID_CONSULTOR 
					AND ARCHIVO_TIPO = 'coleFile' AND ID_ARCHIVO = #{idColeArchivo,jdbcType=NUMERIC} ) AS coleFnm
				  ,(SELECT MAX(NOMBRE_ARCHIVO)
					FROM DGAAMW.T_NPCPMD_CONSULTORA_DOCUMENTO_BLOB 
					WHERE ID_REGISTRO = C.ID_REGISTRO 
					AND ID_CONSULTOR = A.ID_CONSULTOR 
					AND ARCHIVO_TIPO = 'dniFile' AND ID_ARCHIVO = #{idDniArchivo,jdbcType=NUMERIC} ) AS dniFnm 					   
				  ,(SELECT MAX(NOMBRE_ARCHIVO)
					FROM DGAAMW.T_NPCPMD_CONSULTORA_DOCUMENTO_BLOB 
					WHERE ID_REGISTRO = C.ID_REGISTRO 
					AND ID_CONSULTOR = A.ID_CONSULTOR 
					AND ARCHIVO_TIPO = 'certFile' AND ID_ARCHIVO = #{idCertArchivo,jdbcType=NUMERIC} ) AS certFnm
				  ,(SELECT MAX(NOMBRE_ARCHIVO)
					FROM DGAAMW.T_NPCPMD_CONSULTORA_DOCUMENTO_BLOB 
					WHERE ID_REGISTRO = C.ID_REGISTRO 
					AND ID_CONSULTOR = A.ID_CONSULTOR 
					AND ARCHIVO_TIPO = 'ddjjFile' AND ID_ARCHIVO = #{idDdjjArchivo,jdbcType=NUMERIC} ) AS ddjjFnm 					   
				  ,ROW_NUMBER() OVER (PARTITION BY A.ID_COLEGIATURA ORDER BY A.DNI) AS row_num
			FROM DGAAMW.T_NPCPMD_CONSULTORA_PROFESIONAL A , DGAAMW.T_NPCPMD_CONSULTORA_EXPERIENCIA B, DGAAMW.T_NPCPMD_CONSULTORA_DATOS C
			WHERE 1=1
			AND A.DNI = #{dni, jdbcType=VARCHAR}
			AND A.ID_CONSULTOR = B.ID_CONSULTOR 
			AND A.RUC = C.RUC
		)
		WHERE ROW_NUM = 1
    </select>
    
	<delete id="deleteConsultExpriencia" parameterType="java.util.Map">
		DELETE FROM DGAAMW.T_NPCPMD_CONSULTORA_EXPERIENCIA
		WHERE ID_CONSULTOR = #{idConsultor}
		<if test="expEmpresa != null"> 
		AND EXPERIENCIA_EMPRESA = #{expEmpresa}
		</if>
		<if test="proyectoSeq != null">
		AND PROYECTO_SEQ  = #{proyectoSeq}
		</if>
	</delete>
	
	<delete id="deleteConsultDocumento" parameterType="java.util.Map">
		DELETE FROM DGAAMW.T_NPCPMD_CONSULTORA_DOCUMENTO_BLOB
		WHERE ID_REGISTRO = #{idRegistro} AND ID_CONSULTOR = #{idConsultor} 
		<if test="expEmpresa != null">
		AND EXPERIENCIA_EMPRESA = #{expEmpresa, jdbcType=VARCHAR}
		</if>
		<if test="idArchivoTipo != null">
		AND ARCHIVO_TIPO    = #{idArchivoTipo}
		</if>
		<if test="idArchivo != null">
		AND ID_ARCHIVO      = #{idArchivo}
		</if>
		<if test="idArchivoSeq != null">
		AND ID_ARCHIVO_SEQ  = #{idArchivoSeq}
		</if>		
	</delete>	

	<delete id="deleteConsultProfesional" parameterType="java.util.Map">
		DELETE FROM DGAAMW.T_NPCPMD_CONSULTORA_PROFESIONAL
		WHERE ID_CONSULTOR = #{idConsultor} AND RUC = #{ruc}
	</delete>	

	<select id="getPcmModProfDet" parameterType="map" resultType="com.peru.minero.vo.PcmConsultorVO">
		SELECT  DISTINCT
			   C.ID_REGISTRO AS idRegistro
		  	  ,A.RUC AS ruc
			  ,A.DNI AS dni
			  ,A.ID_CONSULTOR AS idConsultor 
		      ,A.NOMBRES AS nombres
		      ,A.ID_COLEGIATURA AS idColegia 
			  ,(SELECT MAX(NOMBRE_ARCHIVO)
				FROM DGAAMW.T_NPCPMD_CONSULTORA_DOCUMENTO_BLOB 
				WHERE ID_REGISTRO = #{idRegistro} 
				AND ID_CONSULTOR = #{idConsultor}
				AND ARCHIVO_TIPO = 'coleFile' 
				) AS coleFnm
		      ,A.APELLIDO_PATERNO AS apelPat
		      ,A.APELLIDO_MATERNO AS apelMat
			  ,A.ESPECIALIDAD AS especial
			  ,(SELECT MAX(NOMBRE_ARCHIVO)
				FROM DGAAMW.T_NPCPMD_CONSULTORA_DOCUMENTO_BLOB 
				WHERE ID_REGISTRO = #{idRegistro} 
				AND ID_CONSULTOR = #{idConsultor} 
				AND ARCHIVO_TIPO = 'dniFile' 
				) AS dniFnm
			  ,(SELECT MAX(NOMBRE_ARCHIVO)
				FROM DGAAMW.T_NPCPMD_CONSULTORA_DOCUMENTO_BLOB 
				WHERE ID_REGISTRO = #{idRegistro} 
				AND ID_CONSULTOR = #{idConsultor}
				AND ARCHIVO_TIPO = 'ddjjFile'  ) AS ddjjFnm					 					   
		FROM DGAAMW.T_NPCPMD_CONSULTORA_PROFESIONAL A , DGAAMW.T_NPCPMD_CONSULTORA_EXPERIENCIA B, DGAAMW.T_NPCPMD_CONSULTORA_DATOS C
		WHERE 1=1
		AND A.RUC = #{ruc}
		AND A.ID_CONSULTOR = #{idConsultor}
		AND A.ID_CONSULTOR = B.ID_CONSULTOR(+) 
		AND A.RUC = C.RUC(+)
	</select>
	
	<select id="getPcmProfExpList" parameterType="map" resultType="com.peru.minero.vo.PcmConsultorVO">
		SELECT  DISTINCT
			   A.ID_CONSULTOR AS idConsultor
			  ,#{idRegistro, jdbcType=NUMERIC} AS idRegistro
			  ,A.DNI AS dni 
			  ,A.EXPERIENCIA_EMPRESA AS expEmpresa
			  ,A.EMPRESA_SEQ AS empresaSeq
			  ,B.NOMBRE_ARCHIVO AS certFnm	
			  ,TO_CHAR(A.FECHA_INICIO, 'YYYY-MM-DD') AS fechaIni
			  ,TO_CHAR(A.FECHA_FINAL, 'YYYY-MM-DD')  AS fechaFin
			  ,A.ANOS_EXPERIENCIA AS anosExp
		FROM DGAAMW.T_NPCPMD_CONSULTORA_EXPERIENCIA A, DGAAMW.T_NPCPMD_CONSULTORA_DOCUMENTO_BLOB B
		WHERE 1=1
		AND A.ID_CONSULTOR = #{idConsultor}
		AND B.ID_REGISTRO = #{idRegistro, jdbcType=NUMERIC}
		AND B.ARCHIVO_TIPO = 'certFile'
		AND A.ID_CONSULTOR = B.ID_CONSULTOR
		AND A.EXPERIENCIA_EMPRESA = B.EXPERIENCIA_EMPRESA
		ORDER BY A.EXPERIENCIA_EMPRESA 
	</select>
	
	<select id="getPcmProfProyList" parameterType="map" resultType="com.peru.minero.vo.PcmConsultorVO">
		SELECT  DISTINCT
			   A.DNI AS dni 
			  ,B.ID_REGISTRO AS idregistro
			  ,A.EXPERIENCIA_EMPRESA AS expEmpresa
			  ,A.PROYECTO_SEQ AS proyectoSeq			  
			  ,A.EXP_PROYECTO AS expProyecto
			  ,A.NOMBRE_PROYECTO AS nombreProyecto
			  ,B.NOMBRE_ARCHIVO  AS detPartFnm
			  ,B.ARCHIVO_TIPO AS idArchivoTipo
			  ,B.ID_ARCHIVO   AS idArchivo
			  ,B.ID_ARCHIVO_SEQ AS idArchivoSeq			  
		FROM DGAAMW.T_NPCPMD_CONSULTORA_EXPERIENCIA A , DGAAMW.T_NPCPMD_CONSULTORA_DOCUMENTO_BLOB B
		WHERE 1=1
		AND A.ID_CONSULTOR = #{idConsultor}
		AND A.DNI = #{dni, jdbcType=VARCHAR}
		AND A.EXPERIENCIA_EMPRESA = #{expEmpresa, jdbcType=VARCHAR}
		AND B.ID_REGISTRO = #{idRegistro, jdbcType=NUMERIC}
		AND B.ARCHIVO_TIPO = 'detPartFile'
		AND A.ID_CONSULTOR = B.ID_CONSULTOR
		AND A.ID_DET_PARTICIPACION = B.ID_ARCHIVO 
		AND A.PROYECTO_SEQ = B.PROYECTO_SEQ 
		AND A.NOMBRE_PROYECTO = B.NOMBRE_PROYECTO 		
		ORDER BY A.EXP_PROYECTO
	</select>
	
	
	<insert id="insertDgaamConsultoraDatos" parameterType="java.util.Map">
		INSERT INTO DGAAM.T_NPCPMD_CONSULTORA_DATOS
		SELECT A.*, 1 FLG_ULTIMO FROM DGAAMW.T_NPCPMD_CONSULTORA_DATOS A
		WHERE ID_REGISTRO = #{idRegistro}
		AND NOT EXISTS(SELECT 1 FROM DGAAM.T_NPCPMD_CONSULTORA_DATOS WHERE ID_REGISTRO = #{idRegistro})
	</insert>	

	<insert id="insertDgaamConsultoraRequistios" parameterType="java.util.Map">
		INSERT INTO DGAAM.T_NPCPMD_CONSULTORA_REQUISITOS
		SELECT * FROM DGAAMW.T_NPCPMD_CONSULTORA_REQUISITOS
		WHERE ID_REGISTRO = #{idRegistro}
		<if test="solicitud != null"> 
		 AND INSCRIPCION_TIPO = #{solicitud}
		</if>
		 AND NOT EXISTS(SELECT 1 FROM DGAAM.T_NPCPMD_CONSULTORA_REQUISITOS WHERE ID_REGISTRO = #{idRegistro}
				   	   <if test="solicitud != null"> AND INSCRIPCION_TIPO = #{solicitud}</if>)
	</insert>	

	<insert id="insertDgaamConsultProfesional" parameterType="java.util.Map">
		INSERT INTO DGAAM.T_NPCPMD_CONSULTORA_PROFESIONAL
		SELECT * FROM DGAAMW.T_NPCPMD_CONSULTORA_PROFESIONAL
		WHERE ID_CONSULTOR = #{idConsultor} AND RUC = #{ruc}
		AND NOT EXISTS(SELECT 1 FROM DGAAM.T_NPCPMD_CONSULTORA_PROFESIONAL WHERE ID_CONSULTOR = #{idConsultor} AND RUC = #{ruc})
	</insert>	

	<insert id="insertDgaamConsultExpriencia" parameterType="java.util.Map">
		INSERT INTO DGAAM.T_NPCPMD_CONSULTORA_EXPERIENCIA
		SELECT * FROM DGAAMW.T_NPCPMD_CONSULTORA_EXPERIENCIA
		WHERE ID_CONSULTOR = #{idConsultor} 
		<if test="dni != null"> AND DNI = #{dni}</if> <if test="expEmpresa != null"> AND EXPERIENCIA_EMPRESA = #{expEmpresa}</if>
		AND NOT EXISTS(SELECT 1 FROM DGAAM.T_NPCPMD_CONSULTORA_EXPERIENCIA 
					   WHERE ID_CONSULTOR = #{idConsultor}<if test="dni != null"> AND DNI = #{dni}</if> <if test="expEmpresa != null"> AND EXPERIENCIA_EMPRESA = #{expEmpresa}</if>)
	</insert>

	<insert id="insertDgaamConsultoraDocumento" parameterType="java.util.Map">
		INSERT INTO DGAAM.T_NPCPMD_CONSULTORA_DOCUMENTO_BLOB
		SELECT * FROM DGAAMW.T_NPCPMD_CONSULTORA_DOCUMENTO_BLOB
		WHERE ID_REGISTRO = #{idRegistro}
		<if test="idConsultor != null"> AND ID_CONSULTOR = #{idConsultor}</if> <if test="expEmpresa != null"> AND EXPERIENCIA_EMPRESA = #{expEmpresa}</if>
	</insert>	

		
	<delete id="deleteDgaamConsultoraDatos" parameterType="java.util.Map">
		DELETE FROM DGAAM.T_NPCPMD_CONSULTORA_DATOS
		WHERE ID_REGISTRO = #{idRegistro}
	</delete>	

	<delete id="deleteDgaamConsultoraRequistios" parameterType="java.util.Map">
		DELETE FROM DGAAM.T_NPCPMD_CONSULTORA_REQUISITOS
		WHERE ID_REGISTRO = #{idRegistro}
		<if test="solicitud != null"> 
		AND INSCRIPCION_TIPO = #{solicitud}
		</if>
	</delete>
		
	<delete id="deleteDgaamConsultProfesional" parameterType="java.util.Map">
		DELETE FROM DGAAM.T_NPCPMD_CONSULTORA_PROFESIONAL
		WHERE ID_CONSULTOR = #{idConsultor} AND RUC = #{ruc}
	</delete>	
		
	<delete id="deleteDgaamConsultExpriencia" parameterType="java.util.Map">
		DELETE FROM DGAAM.T_NPCPMD_CONSULTORA_EXPERIENCIA
		WHERE ID_CONSULTOR = #{idConsultor} 
		<if test="dni != null"> AND DNI = #{dni}</if> <if test="expEmpresa != null"> AND EXPERIENCIA_EMPRESA = #{expEmpresa}</if>
		<if test="proyectoSeq != null"> AND PROYECTO_SEQ  = #{proyectoSeq}</if>
	</delete>

	<delete id="deleteDgaamConsultoraDocumento" parameterType="java.util.Map">
		DELETE FROM DGAAM.T_NPCPMD_CONSULTORA_DOCUMENTO_BLOB
		WHERE ID_REGISTRO = #{idRegistro} 
		<if test="idConsultor != null"> AND ID_CONSULTOR = #{idConsultor}</if>
		<if test="expEmpresa != null"> AND EXPERIENCIA_EMPRESA = #{expEmpresa}</if>
	</delete>	

	<select id="getEspecialCntByRuc" parameterType="map" resultType="com.peru.minero.vo.PcmConsultorVO">	
	   SELECT AA.RUC AS ruc
      		 ,(AA.aCnt+AA.bCnt+AA.cCnt+AA.dCnt+AA.eCnt+AA.fCnt+AA.gCnt+AA.hCnt) AS especialCnt
	   FROM (
		    SELECT ruc
			 , CASE WHEN aCnt > 0 THEN 1 ELSE 0 END AS aCnt
			 , CASE WHEN bCnt > 0 THEN 1 ELSE 0 END AS bCnt
			 , CASE WHEN cCnt > 0 THEN 1 ELSE 0 END AS cCnt
			 , CASE WHEN dCnt > 0 THEN 1 ELSE 0 END AS dCnt
			 , CASE WHEN eCnt > 0 THEN 1 ELSE 0 END AS eCnt
			 , CASE WHEN fCnt > 0 THEN 1 ELSE 0 END AS fCnt
			 , CASE WHEN gCnt > 0 THEN 1 ELSE 0 END AS gCnt
			 , CASE WHEN hCnt > 0 THEN 1 ELSE 0 END AS hCnt
			FROM(	 
				SELECT 
				    A.RUC AS ruc,
				    SUM(CASE WHEN B.CODE_VALUE = 'A' THEN 1 ELSE 0 END) AS aCnt,
				    SUM(CASE WHEN B.CODE_VALUE = 'B' THEN 1 ELSE 0 END) AS bCnt,
				    SUM(CASE WHEN B.CODE_VALUE = 'C' THEN 1 ELSE 0 END) AS cCnt,
				    SUM(CASE WHEN B.CODE_VALUE = 'D' THEN 1 ELSE 0 END) AS dCnt,
				    SUM(CASE WHEN B.CODE_VALUE = 'E' THEN 1 ELSE 0 END) AS eCnt,
				    SUM(CASE WHEN B.CODE_VALUE = 'F' THEN 1 ELSE 0 END) AS fCnt,
				    SUM(CASE WHEN B.CODE_VALUE = 'G' THEN 1 ELSE 0 END) AS gCnt,
				    SUM(CASE WHEN B.CODE_VALUE = 'H' THEN 1 ELSE 0 END) AS hCnt
				FROM DGAAMW.T_NPCPMD_CONSULTORA_PROFESIONAL A
				LEFT JOIN DGAAMW.NPNM_CODE B
				ON  A.ESPECIALIDAD = B.CODE_VALUE
				WHERE A.RUC = #{ruc}
				AND B.GROUP_ID = '2'
				GROUP BY A.RUC
			)	
		) AA
	</select>	
	
	<select id="enviarConsultora" statementType="CALLABLE" parameterType="java.util.HashMap">
	    { CALL DGAAM.PACK_NPCM_ENVIO.SP_ENVIAR_CONSULTORA(
	        #{Ln_IdMaestra, mode=IN, jdbcType=NUMERIC},
	        #{Ln_CTupa, mode=IN, jdbcType=NUMERIC},
	        #{Ls_Ruc, mode=IN, jdbcType=VARCHAR},
	        #{Ln_IdTipoEnvio, mode=IN, jdbcType=NUMERIC},
	        #{Ls_Usuario, mode=IN, jdbcType=VARCHAR},
	        #{Ls_Ip, mode=IN, jdbcType=VARCHAR},
	        #{res, mode=OUT, jdbcType=CURSOR, javaType=java.sql.ResultSet, resultMap=enviarConsultRsltMap}
	    ) }
	</select>
	
	<!-- resultMap for enviar -->
	<resultMap id="enviarConsultRsltMap" type="com.peru.minero.vo.PcmConsultorVO">
	    <result column="RESPONSE_ID_STATUS" 		property="status" jdbcType="NUMERIC"/>
	    <result column="RESPONSE_DESCRIPCION" 		property="description" jdbcType="VARCHAR"/>
	    <result column="CODIGO_EXPEDIENTE" 			property="codigoExpediente" jdbcType="VARCHAR"/>
	    <result column="CODIGO_EXPEDIENTE_SUBSANACION" property="codigoExpedienteSubsanacion" jdbcType="VARCHAR"/>
	    <result column="FECHA_ENVIO" 				   property="fechaEnvio" jdbcType="DATE"/>
	</resultMap>
	
</mapper>