<?xml version="1.0" encoding="UTF-8"?>
<!DOCTYPE mapper PUBLIC "-//ibatis.apache.org//DTD Mapper 3.0//EN" "http://ibatis.apache.org/dtd/ibatis-3-mapper.dtd">

<mapper namespace="com.peru.minero.dao.PcmComponentDAO">
	<resultMap id="PcmComponentResultMap" type="com.peru.minero.vo.PcmComponentVO">
        <result column="geometryWkt" property="geometry" jdbcType="CLOB" javaType="java.lang.String"/>
        <result column="coordenadas" property="coordenadas" jdbcType="CLOB" javaType="java.lang.String"/>
    </resultMap>
    
    <select id="getPcmComponentList" parameterType="map" resultMap="PcmComponentResultMap">
         select
            comp.id_estudio         AS idEstudio,
            comp.id_componente      AS idComponente,
            comp.id_tipo_componente AS idTipoComponente,
            comp.id_tipo			AS idTipo,
            comp.id_subtipo			AS idSubtipo,
            comp.geometry			AS geometry,
            CASE WHEN comp.geometry IS null THEN 'AREA INVALIDA' ELSE 'AREA VALIDA' END AS validacion,
            mtc.descripcion 		AS tipoComponente,
            mc.descripcion 			AS componenteTipo,
            sub.descripcion 		AS subComponente,
            comp.des_componente     AS desComponente,
            comp.id_datum			AS idDatum,
            comp.id_zona			AS idZona,
            sdo_util.to_wktgeometry(comp.geometry) AS geometryWkt,
            DGAAMW.PACK_PCPAMW.FN_SELECT_COORDENADACOMPONENTE(id_estudio,id_componente) AS coordenadas
            ,(SELECT nvl(max(id_actividad_cierre),0) FROM dgaamw.t_pcmd_actividades_cierre 
              WHERE ID_ESTUDIO = comp.id_estudio and ID_COMPONENTE = comp.id_componente) as idActividadCierre
        FROM DGAAMW.t_pcmd_componente comp
        left join dgaam.t_mae_tipo_componente mtc on comp.id_tipo_componente= mtc.id_tipo_componente
        INNER join dgaam.t_mae_componente_tipo mc on comp.id_tipo=mc.id_tipo
        left join dgaam.t_mae_subtipo_componente sub on comp.id_tipo=sub.id_tipo and comp.id_subtipo=sub.id_subtipo
        where comp.id_estudio = #{idEstudio}
        <if test="idComponente != null">
        and ((#{idComponente, jdbcType=INTEGER} is not null and comp.id_componente = #{idComponente, jdbcType=INTEGER}) or #{idComponente, jdbcType=INTEGER} is null)
        </if>
		<if test="idComponente == null">
        and #{idComponente, jdbcType=INTEGER} is null
        </if>
        order by comp.id_tipo_componente,comp.id_componente
    </select>
     
	<select id="savePcmComponent" statementType="CALLABLE" parameterType="java.util.HashMap">
       { CALL DGAAMW.PACK_NPCMW.SP_COMPONENTES_IUD(
            #{Ln_IdEstudio, mode=IN, jdbcType=NUMERIC},
            #{Ln_IdTipo, mode=IN, jdbcType=NUMERIC},
            #{Ln_IdSubTipo, mode=IN, jdbcType=NUMERIC},
            #{Ln_IdTipoComponente, mode=IN, jdbcType=NUMERIC},
            #{Ln_IdComponente, mode=IN, jdbcType=NUMERIC},
            #{Ls_nombreComp, mode=IN, jdbcType=VARCHAR},
            #{Ln_IdDatum, mode=IN, jdbcType=NUMERIC},
            #{Ln_IdZona, mode=IN, jdbcType=NUMERIC},
            #{Ls_GeometryWKT, mode=IN, jdbcType=CLOB},
            #{Ls_CodOperacion, mode=IN, jdbcType=CHAR},
            #{Ls_Usuario, mode=IN, jdbcType=VARCHAR},
            #{Ls_Ip, mode=IN, jdbcType=VARCHAR},
            #{res, mode=OUT, jdbcType=CURSOR, javaType=java.sql.ResultSet, resultMap=com.peru.minero.dao.CommonDAO.validateResultMap}
        ) }
    </select>
	
    <select id="validate" statementType="CALLABLE" parameterType="java.util.HashMap">
	    {call DGAAMW.PACK_NPCMW.SP_VALIDA_COMPONENTES(
	      #{lnIdEstudio, mode=IN, jdbcType=NUMERIC},
	      #{lnIdFuente, mode=IN, jdbcType=NUMERIC},
	      #{lsIdMenu, mode=IN, jdbcType=CHAR},
	      #{lnIdSeccion, mode=IN, jdbcType=NUMERIC},
	      #{lsUsuario, mode=IN, jdbcType=VARCHAR},
	      #{lsIpIngreso, mode=IN, jdbcType=VARCHAR},
	      #{res, mode=OUT, jdbcType=CURSOR, javaType=java.sql.ResultSet, resultMap=com.peru.minero.dao.CommonDAO.validateResultMap}
	    )}
  	</select>
    
    <select id="getMaxIdComponente" parameterType="map" resultType="int">
    	SELECT nvl(max(id_componente),0) 
    	FROM DGAAMW.t_pcmd_componente  
        WHERE id_estudio = #{Ln_IdEstudio} 
    </select>
              
    <resultMap id="ComponentResultMap" type="com.peru.minero.vo.PcmComponentVO">
	    <!-- 프로시저 결과 컬럼과 VO 필드 매핑 -->
	    <result property="responseIdStatus"      column="RESPONSE_ID_STATUS" />
	    <result property="responseDescripcion"   column="RESPONSE_DESCRIPCION" />
	    <result property="responseMaestra"       column="RESPONSE_MAESTRA" />
	    <result property="liIdCoordenadaComp"    column="Li_IdCoordenadaComp" />
	</resultMap>
    
                
</mapper>
