[
  {
    "name": "강남 MICE 관광특구",
    "lng": 127.05884715,
    "lat": 37.51243164,
    "weather": {
      "time": "2026-02-03 16:30",
      "temp": "4.3",
      "humidity": "42",
      "wind_dirct": "SSE",
      "wind_spd": "1.7"
    }
  },
  {
    "name": "동대문 관광특구",
    "lng": 127.011172229,
    "lat": 37.5661198035,
    "weather": {
      "time": "2026-02-03 16:30",
      "temp": "5.0",
      "humidity": "46",
      "wind_dirct": "SE",
      "wind_spd": "2.1"
    }
  },
  {
    "name": "명동 관광특구",
    "lng": 126.98004272333333,
    "lat": 37.5639045225,
    "weather": {
      "time": "2026-02-03 16:30",
      "temp": "5.0",
      "humidity": "46",
      "wind_dirct": "SE",
      "wind_spd": "2.1"
    }
  },
  {
    "name": "이태원 관광특구",
    "lng": 126.994819,
    "lat": 37.53409,
    "weather": {
      "time": "2026-02-03 16:30",
      "temp": "4.4",
      "humidity": "43",
      "wind_dirct": "SE",
      "wind_spd": "1.9"
    }
  },
  {
    "name": "잠실 관광특구",
    "lng": 127.09804531,
    "lat": 37.51142084,
    "weather": {
      "time": "2026-02-03 16:30",
      "temp": "3.9",
      "humidity": "42",
      "wind_dirct": "SE",
      "wind_spd": "1.6"
    }
  },
  {
    "name": "종로·청계 관광특구",
    "lng": 127.001665,
    "lat": 37.570031,
    "weather": {
      "time": "2026-02-03 16:30",
      "temp": "5.0",
      "humidity": "46",
      "wind_dirct": "SE",
      "wind_spd": "2.1"
    }
  },
  {
    "name": "홍대 관광특구",
    "lng": 126.922271,
    "lat": 37.554995,
    "weather": {
      "time": "2026-02-03 16:30",
      "temp": "3.3",
      "humidity": "55",
      "wind_dirct": "SSE",
      "wind_spd": "3.2"
    }
  },
  {
    "name": "경복궁",
    "lng": 126.97178954,
    "lat": 37.57605407,
    "weather": {
      "time": "2026-02-03 16:30",
      "temp": "5.0",
      "humidity": "46",
      "wind_dirct": "SE",
      "wind_spd": "2.1"
    }
  },
  {
    "name": "광화문·덕수궁",
    "lng": 126.97694016,
    "lat": 37.565996479999995,
    "weather": {
      "time": "2026-02-03 16:30",
      "temp": "5.0",
      "humidity": "46",
      "wind_dirct": "SE",
      "wind_spd": "2.1"
    }
  },
  {
    "name": "보신각",
    "lng": 126.98138243,
    "lat": 37.57107565,
    "weather": {
      "time": "2026-02-03 16:30",
      "temp": "5.0",
      "humidity": "46",
      "wind_dirct": "SE",
      "wind_spd": "2.1"
    }
  },
  {
    "name": "서울 암사동 유적",
    "lng": 127.1303425,
    "lat": 37.5591723,
    "weather": {
      "time": "2026-02-03 16:30",
      "temp": "4.1",
      "humidity": "39",
      "wind_dirct": "SE",
      "wind_spd": "1.5"
    }
  },
  {
    "name": "창덕궁·종묘",
    "lng": 126.98933574,
    "lat": 37.57807922235294,
    "weather": {
      "time": "2026-02-03 16:30",
      "temp": "5.0",
      "humidity": "46",
      "wind_dirct": "SE",
      "wind_spd": "2.1"
    }
  },
  {
    "name": "가산디지털단지역",
    "lng": 126.878275,
    "lat": 37.480029,
    "weather": {
      "time": "2026-02-03 16:30",
      "temp": "3.8",
      "humidity": "49",
      "wind_dirct": "ESE",
      "wind_spd": "2.9"
    }
  },
  {
    "name": "강남역",
    "lng": 127.027951,
    "lat": 37.493925,
    "weather": {
      "time": "2026-02-03 16:30",
      "temp": "4.3",
      "humidity": "42",
      "wind_dirct": "SSE",
      "wind_spd": "1.7"
    }
  },
  {
    "name": "건대입구역",
    "lng": 127.06824343,
    "lat": 37.53867795,
    "weather": {
      "time": "2026-02-03 16:30",
      "temp": "4.4",
      "humidity": "43",
      "wind_dirct": "SE",
      "wind_spd": "1.9"
    }
  },
  {
    "name": "고덕역",
    "lng": 127.155066,
    "lat": 37.552781,
    "weather": {
      "time": "2026-02-03 16:30",
      "temp": "4.3",
      "humidity": "38",
      "wind_dirct": "SE",
      "wind_spd": "1.7"
    }
  },
  {
    "name": "고속터미널역",
    "lng": 127.003537,
    "lat": 37.504347,
    "weather": {
      "time": "2026-02-03 16:30",
      "temp": "4.1",
      "humidity": "51",
      "wind_dirct": "SSE",
      "wind_spd": "2.4"
    }
  },
  {
    "name": "교대역",
    "lng": 127.016614,
    "lat": 37.49419477,
    "weather": {
      "time": "2026-02-03 16:30",
      "temp": "4.3",
      "humidity": "42",
      "wind_dirct": "SSE",
      "wind_spd": "1.7"
    }
  },
  {
    "name": "구로디지털단지역",
    "lng": 126.900314,
    "lat": 37.48494,
    "weather": {
      "time": "2026-02-03 16:30",
      "temp": "3.8",
      "humidity": "49",
      "wind_dirct": "ESE",
      "wind_spd": "2.9"
    }
  },
  {
    "name": "구로역",
    "lng": 126.8824968,
    "lat": 37.50220981,
    "weather": {
      "time": "2026-02-03 16:30",
      "temp": "3.8",
      "humidity": "49",
      "wind_dirct": "ESE",
      "wind_spd": "2.9"
    }
  }
]