<?xml version="1.0" encoding="UTF-8"?>
<!DOCTYPE mapper PUBLIC "-//mybatis.org//DTD Mapper 3.0//EN" 
    "http://mybatis.org/dtd/mybatis-3-mapper.dtd">
    
<mapper namespace="com.gn.work.dao.GoingLeavingDAO">
    
    <!-- 현재 출근한 직원 현황 조회 -->
    <select id="getEmpChkIn" resultType="com.gn.work.vo.GoingLeavingVO">
		SELECT 
		    E.NAME
		FROM 
		    ATTENDANCE A
		JOIN 
		    EMPLOYEE E ON A.ID_LOGIN = E.ID
		WHERE 
		    TRUNC(A.ATTEND_DATE) = 
		    <choose>
		        <when test="date != null and date != ''">
		            TRUNC(TO_DATE(#{date}, 'YYYY-MM-DD'))
		        </when>
		        <otherwise>
		            TRUNC(SYSDATE)
		        </otherwise>
		    </choose>
		    AND A.ID_ATTENDANCE_STATUS IN (1, 3) <!-- 출근 또는 지각 -->
    </select>
    
    <!-- 현재 퇴근한 직원 현황 조회 -->
    <select id="getEmpChkOut" resultType="com.gn.work.vo.GoingLeavingVO">
		SELECT 
		    E.NAME
		FROM 
		    ATTENDANCE A
		JOIN 
		    EMPLOYEE E ON A.ID_LOGIN = E.ID
		WHERE 
		    TRUNC(A.ATTEND_DATE) = 
		    <choose>
		        <when test="date != null and date != ''">
		            TRUNC(TO_DATE(#{date}, 'YYYY-MM-DD'))
		        </when>
		        <otherwise>
		            TRUNC(SYSDATE)
		        </otherwise>
		    </choose>
		    AND A.ID_ATTENDANCE_STATUS IN (2, 5) <!-- 퇴근 또는 조퇴 -->
    </select>
    
    <!-- 출근 여부 체크 -->
	<select id="chkOnTime" parameterType="java.util.Map" resultType="int">
	    SELECT COUNT(*) 
	    FROM ATTENDANCE 
	    WHERE ID_LOGIN = #{id_Login}
	    AND 
	    	TRUNC(ATTEND_DATE) = 
		    <choose>
		        <when test="date != null and date != ''">
		            TRUNC(TO_DATE(#{date}, 'YYYY-MM-DD'))
		        </when>
		        <otherwise>
		            TRUNC(SYSDATE)
		        </otherwise>
		    </choose>
	</select>
    
    <!-- 출근 처리 -->
    <insert id="onTime" parameterType="java.util.Map">
		INSERT INTO ATTENDANCE (
		    ID_LOGIN,
		    ATTEND_DATE,
		    CLOCK_IN_TIME,
		    CLOCK_OUT_TIME,
		    ID_ATTENDANCE_STATUS
		) VALUES (
		    #{id_Login},
		    <choose>
		        <when test="date != null and date != ''">
		            TO_TIMESTAMP(#{date}, 'YYYY-MM-DD HH24:MI:SS.FF3'),
        			TO_TIMESTAMP(#{date}, 'YYYY-MM-DD HH24:MI:SS.FF3'),
		        </when>
		        <otherwise>
		            SYSDATE,
		    		SYSDATE,
		        </otherwise>
		    </choose>
		    NULL,
		    1
		)
    </insert>
    
    <!-- 출근 시간 수정 -->
    <update id="updateClockInTime" parameterType="java.util.Map">
	    UPDATE ATTENDANCE
	    SET CLOCK_IN_TIME = #{clock_in_time}
	    WHERE ID_LOGIN = #{id_Login}
	      AND TRUNC(ATTEND_DATE) = #{date}
	</update>
    
    <!-- 퇴근 처리 -->
    <update id="offTime" parameterType="java.util.Map">
		UPDATE ATTENDANCE
		SET 
		    ID_ATTENDANCE_STATUS = 2,
		    CLOCK_OUT_TIME = SYSDATE
		WHERE 
		    ID_LOGIN = #{id_Login}
	    AND TRUNC(ATTEND_DATE) = TRUNC(SYSDATE)
    </update>
    
    <!-- 퇴근 시간 수정 -->
    <update id="updateClockOutTime" parameterType="java.util.Map">
	    UPDATE ATTENDANCE
	    SET CLOCK_OUT_TIME = #{clock_out_time},
	        ID_ATTENDANCE_STATUS = 2
	    WHERE ID_LOGIN = #{id_Login}
	      AND TRUNC(ATTEND_DATE) = TRUNC(TO_DATE(#{date}, 'YYYY-MM-DD'))
	</update>
    
    <!-- 직원 출퇴근 통계 데이터 조회 -->
    <select id="getEmpAttendanceByIdAndMonth" parameterType="java.util.Map" resultType="com.gn.work.vo.AttendanceStatsVO">
		<!-- 1. 대상 달 설정 -->
		WITH CALENDAR AS (
		    SELECT 
		        TO_DATE(
		            <if test="month != null and month != ''">
		                #{month}
		            </if>
		            <if test="month == null or month == ''">
		                TO_CHAR(SYSDATE, 'YYYY-MM-01')
		            </if>
		        , 'YYYY-MM-DD') + LEVEL - 1 AS WORK_DATE
		    FROM DUAL
		    CONNECT BY LEVEL <![CDATA[<=]]> TO_NUMBER(TO_CHAR(LAST_DAY(
		        <if test="month != null and month != ''">
		            TO_DATE(#{month}, 'YYYY-MM-DD')
		        </if>
		        <if test="month == null or month == ''">
		            SYSDATE
		        </if>
		    ), 'DD'))
		),
		
		<!-- 2. 사원 목록 -->
		ALL_USERS AS (
		    SELECT DISTINCT ID AS LOGIN_ID, NAME
		    FROM EMPLOYEE 
		    WHERE EMP_STATUS = 1
		),
		
		<!-- 3. 모든 날짜 × 모든 사원 조합 -->
		DATE_USER AS (
		    SELECT U.LOGIN_ID, C.WORK_DATE
		    FROM ALL_USERS U CROSS JOIN CALENDAR C
		),
		
		<!-- 4. 출근 기록 (일자별) -->
		ATT AS (
		    SELECT ID_LOGIN AS LOGIN_ID, TRUNC(ATTEND_DATE) AS WORK_DATE, CLOCK_IN_TIME, CLOCK_OUT_TIME
		    FROM ATTENDANCE
		),
		
		<!-- 5. 휴가 일자 확장 -->
		VAC AS (
		    SELECT LOGIN_ID, START_DATE + LEVEL - 1 AS WORK_DATE, START_DATE AS VAC_START, END_DATE AS VAC_END
		    FROM GN.VACATION
		    CONNECT BY LEVEL <![CDATA[<=]]> END_DATE - START_DATE + 1
		      AND PRIOR APPLY_ID = APPLY_ID
		      AND PRIOR DBMS_RANDOM.VALUE IS NOT NULL
		),
		
		<!-- 6. 출장 일자 확장 -->
		BIZ AS (
		    SELECT LOGIN_ID, START_DATE + LEVEL - 1 AS WORK_DATE, START_DATE AS BIZ_START, END_DATE AS BIZ_END
		    FROM GN.BIZTRIP
		    CONNECT BY LEVEL <![CDATA[<=]]> END_DATE - START_DATE + 1
		      AND PRIOR APPLY_ID = APPLY_ID
		      AND PRIOR DBMS_RANDOM.VALUE IS NOT NULL
		)
		
		<!-- 7. 최종 출력 -->
		SELECT 
		    DU.LOGIN_ID,
		    U.NAME,
		    TO_CHAR(DU.WORK_DATE, 'YYYY-MM-DD') AS WORK_DATE,
		    
			CASE 
			    WHEN A.CLOCK_IN_TIME IS NOT NULL AND TO_CHAR(A.CLOCK_IN_TIME, 'HH24:MI:SS') > '09:30:00' 
			    THEN NULL
			    ELSE TO_CHAR(A.CLOCK_IN_TIME, 'HH24:MI:SS')
			END AS CLOCK_IN_TIME,
			
			CASE 
			    WHEN A.CLOCK_OUT_TIME IS NOT NULL AND TO_CHAR(A.CLOCK_OUT_TIME, 'HH24:MI:SS') > '19:00:00' 
			    THEN NULL
			    ELSE TO_CHAR(A.CLOCK_OUT_TIME, 'HH24:MI:SS')
			END AS CLOCK_OUT_TIME,
		    
		    CASE 
			    WHEN A.CLOCK_OUT_TIME IS NOT NULL AND TO_CHAR(A.CLOCK_OUT_TIME, 'HH24:MI:SS') > '19:00:00' 
			    THEN TO_CHAR(A.CLOCK_OUT_TIME, 'HH24:MI:SS')
			    ELSE NULL
			END AS LATE_OVERTIME,
			
		    CASE 
			    WHEN DU.WORK_DATE BETWEEN B.BIZ_START AND B.BIZ_END THEN '출장'
			    ELSE NULL
			END AS BIZTRIP,
		    
		    CASE 
			    WHEN DU.WORK_DATE BETWEEN V.VAC_START AND V.VAC_END THEN '휴가'
			    ELSE NULL
			END AS VACATION,
		    
		    CASE 
			    WHEN A.CLOCK_IN_TIME IS NOT NULL AND TO_CHAR(A.CLOCK_IN_TIME, 'HH24:MI:SS') > '09:30:00' 
			    THEN TO_CHAR(A.CLOCK_IN_TIME, 'HH24:MI:SS')
			    ELSE NULL
			END AS LATE_ARRIVAL,
			
			CASE 
			    WHEN A.CLOCK_IN_TIME IS NOT NULL THEN 1
			    ELSE 0
			END AS HAS_CLOCK_IN,
			
			CASE 
			    WHEN A.CLOCK_OUT_TIME IS NOT NULL THEN 1
			    ELSE 0
			END AS HAS_CLOCK_OUT
		    
		FROM DATE_USER DU
		LEFT JOIN ATT A ON A.LOGIN_ID = DU.LOGIN_ID AND A.WORK_DATE = DU.WORK_DATE
		LEFT JOIN VAC V ON V.LOGIN_ID = DU.LOGIN_ID AND V.WORK_DATE = DU.WORK_DATE
		LEFT JOIN BIZ B ON B.LOGIN_ID = DU.LOGIN_ID AND B.WORK_DATE = DU.WORK_DATE
		LEFT JOIN ALL_USERS U ON U.LOGIN_ID = DU.LOGIN_ID
		
		WHERE 
	        1 = 1
	        <if test="login_id != null and login_id != ''">
	            AND DU.LOGIN_ID = #{login_id}
	        </if>
		
		ORDER BY DU.LOGIN_ID, DU.WORK_DATE
    </select>
    
    <!-- 업무대행자 이름 리스트  -->
    <select id="getDelegateList" parameterType="java.util.Map" resultType="com.gn.work.vo.GoingLeavingVO">
		SELECT empIndex, name, id, hire_date AS hireDate, 
		       CASE POSITION
		           WHEN '대표' THEN 1
		           WHEN '이사' THEN 2
		           WHEN '수석' THEN 3
		           WHEN '책임' THEN 4
		           WHEN '선임' THEN 5
		           WHEN '사원' THEN 6
		           ELSE 7
		       END AS position_order
		FROM (
		    SELECT -1 AS empIndex, '없음' AS name, '' AS id, TO_DATE('1900-01-01', 'YYYY-MM-DD') AS hire_date, NULL AS POSITION
		    FROM DUAL
		    UNION ALL
		    SELECT EMP_INDEX AS empIndex, NAME AS name, ID AS id, HIRE_DATE, POSITION
		    FROM GN.EMPLOYEE
		    WHERE ADMIN_APPROVAL = 1 AND EMP_STATUS = 1
		) 
		ORDER BY hire_date ASC
    </select>
    
</mapper>