<?xml version="1.0" encoding="UTF-8"?>
<!DOCTYPE mapper PUBLIC "-//mybatis.org//DTD Mapper 3.0//EN" "http://mybatis.org/dtd/mybatis-3-mapper.dtd" >
<mapper namespace="com.gn.work.dao.WorkManagementDAO">

	<update id="mergeWorkData" parameterType="com.gn.work.vo.WorkManagementVO">
		MERGE INTO GN.WORK target
		USING (
		    SELECT #{empId} AS empId, 
		           #{workDate,jdbcType=DATE} AS workDate, 
		           #{category} AS category, 
		           #{projectId} AS projectId, 
		           #{projectName,jdbcType=VARCHAR} AS projectName, 
		           #{stage1Id,jdbcType=VARCHAR} AS stage1Id, 
		           #{stage2Id,jdbcType=VARCHAR} AS stage2Id, 
		           #{stage1Name,jdbcType=VARCHAR} AS stage1Name, 
		           #{stage2Name,jdbcType=VARCHAR} AS stage2Name,
		           #{customStage,jdbcType=VARCHAR} AS customStage, 
		           #{mainTask} AS mainTask, 
		           #{pmInCharge} AS pmInCharge,
		           #{pmInChargeName} AS pmInChargeName, 
		           #{adminComment,jdbcType=VARCHAR} AS adminComment, 
		           #{taskFile,jdbcType=BLOB} AS taskFile, 
		           #{taskFileName,jdbcType=VARCHAR} AS taskFileName,
		           #{idx} AS idx
		    FROM DUAL
		) source
		ON (target.IDX = source.idx AND source.idx != -1 AND target.WORK_DATE = #{workDate,jdbcType=DATE} )
		WHEN MATCHED THEN
		    UPDATE SET
		        target.EMP_ID = source.empId,
		        /*target.WORK_DATE = source.workDate,*/
		        target.CATEGORY = source.category,
		        target.PROJECT_ID = source.projectId,
		        target.PROJECT_NAME = source.projectName,
		        target.STAGE1_ID = source.stage1Id,
		        target.STAGE2_ID = source.stage2Id,
		        target.STAGE1_NAME = source.stage1Name,
		        target.STAGE2_NAME = source.stage2Name,
		        target.CUSTOM_STAGE = source.customStage,
		        target.MAIN_TASK = source.mainTask,
		        target.PM_IN_CHARGE = source.pmInCharge,
		        target.PM_IN_CHARGE_NAME = source.pmInChargeName,
		        target.ADMIN_COMMENT = source.adminComment
		        /*target.TASK_FILE = source.taskFile,*/
		        /*target.TASK_FILE_NAME = source.taskFileName*/
		WHEN NOT MATCHED THEN
		    INSERT (IDX, EMP_ID, WORK_DATE, CATEGORY, PROJECT_ID, PROJECT_NAME, STAGE1_ID, STAGE2_ID, 
		            STAGE1_NAME, STAGE2_NAME, CUSTOM_STAGE, MAIN_TASK, PM_IN_CHARGE, PM_IN_CHARGE_NAME, ADMIN_COMMENT, TASK_FILE, TASK_FILE_NAME)
		    VALUES (#{idx}, source.empId, source.workDate, source.category, source.projectId, source.projectName, 
		            source.stage1Id, source.stage2Id, source.stage1Name, source.stage2Name, source.customStage, source.mainTask, 
		            source.pmInCharge, source.pmInChargeName, source.adminComment, source.taskFile, source.taskFileName)
	</update> 	

	<select id="getNextIdx" resultType="int">
		SELECT IDX_SEQ.NEXTVAL FROM DUAL
	</select>

	<select id="getLastIdx" resultType="int">
		SELECT IDX_SEQ.CURRVAL FROM DUAL
	</select>

	<select id="getNextPjtIdx" resultType="int">
		SELECT IDX_PROJECT.NEXTVAL FROM DUAL
	</select>

	<update id="mergeTaskFile" parameterType="com.gn.work.vo.WorkFileVO">
		MERGE INTO GN.WORK target
		USING (
		    SELECT #{taskFile,jdbcType=BLOB, javaType=java.io.InputStream} AS taskFile, 
		           #{taskFileName,jdbcType=VARCHAR} AS taskFileName, 
		           #{idx, jdbcType=INTEGER} AS idx
		    FROM DUAL
		) source
		ON (target.IDX = source.idx)
		WHEN MATCHED THEN
		    UPDATE SET
		        target.TASK_FILE = source.taskFile,
		        target.TASK_FILE_NAME = source.taskFileName
		WHEN NOT MATCHED THEN
		    INSERT (IDX, TASK_FILE, TASK_FILE_NAME)
		    VALUES (source.idx, source.taskFile, source.taskFileName)
	</update>
 	    
    <!-- 데이터 삭제 -->
    <update id="deleteWorkData" parameterType="com.gn.work.vo.WorkManagementVO">
        UPDATE GN.WORK
        SET   DEL_YN = #{delYn}
        WHERE IDX = #{idx}
    </update>

  	<!-- 관리자 의견 입력 -->
	<update id="updateWorkOpinion" parameterType="com.gn.work.vo.WorkManagementVO">
	    UPDATE GN.WORK
	    SET ADMIN_COMMENT = #{adminComment, jdbcType=VARCHAR}
	       ,COMMENT_WRTID = #{commentWrtid}
	    WHERE IDX = #{idx}
	</update>


	<!-- 업무 list 조회(월별 업무목록 화면) -->
    <select id="srchMonthWorkList" parameterType="java.util.Map" resultType="com.gn.work.vo.WorkManagementVO">
		SELECT /*+ LEADING(A) USE_NL(E) USE_NL(P) USE_NL(PM) USE_NL(CW) */
		       ROW_NUMBER() OVER (PARTITION BY TRUNC(A.WORK_DATE, 'DD') ORDER BY A.WORK_DATE, E.NAME) AS workOrder,
		       A.IDX AS idx,
		       A.EMP_ID AS empId,
		       E.NAME AS empName,
		       A.WORK_DATE AS workDate,
		       A.CATEGORY AS category,
		       A.PROJECT_ID AS projectId,
		       A.PROJECT_NAME AS projectName,
		       A.STAGE1_ID AS stage1Id,
		       A.STAGE2_ID AS stage2Id,
		       A.STAGE1_NAME AS stage1Name,
		       A.STAGE2_NAME AS stage2Name,
		       A.CUSTOM_STAGE AS customStage,
		       A.MAIN_TASK AS mainTask,
		       A.PM_IN_CHARGE AS pmInCharge,
		       A.PM_IN_CHARGE_NAME AS pmInChargeName,
		       P.EMP_INDEX AS pmEmpIndex,
		       PM.NAME AS pmName,
		       A.ADMIN_COMMENT AS adminComment,
		       A.TASK_FILE AS taskFile,
		       A.TASK_FILE_NAME AS taskFileName,
		       A.CPL_YN AS cplYn,
		       A.NOTFI_YN AS notfiYn,
		       'n' AS preWorkYn,
		       CW.NAME AS commentWrt
		  FROM GN.WORK A
		  JOIN GN.EMPLOYEE E ON 1=1
			<if test="empId != null and empId != ''">
			AND A.EMP_ID  = #{empId}
			</if>
			<if test="empIndex != null and empIndex != ''">
			AND A.EMP_ID  = (SELECT ID FROM EMPLOYEE WHERE EMP_INDEX = #{empIndex} AND ROWNUM = 1)
			</if>
			<if test="categorySelect != null and categorySelect != ''">
			  <choose>
		        <when test="categorySelect == 'pjt'">
		            AND A.PROJECT_NAME LIKE '%' || #{keywordInput} || '%'
		        </when>
		        <when test="categorySelect == 'task'">
		            AND A.MAIN_TASK LIKE '%' || #{keywordInput} || '%'
		        </when>
		        <otherwise>
		        </otherwise>
		      </choose>
		   </if>
		   <if test="categorySelect == '' and keywordInput != null and keywordInput != ''">
		   		AND (A.PROJECT_NAME LIKE '%' || #{keywordInput} || '%' OR A.MAIN_TASK LIKE '%' || #{keywordInput} || '%')
		   </if>
		   <if test="cplYn == 1"> AND A.CPL_YN = 'y' </if>				  
		  AND A.EMP_ID = E.ID AND E.EMP_STATUS = '1'
		  LEFT JOIN GN.PROJECT_INFO P ON A.PROJECT_ID = P.PROJECT_ID
		  LEFT JOIN GN.EMPLOYEE PM ON P.EMP_INDEX = PM.EMP_INDEX AND PM.EMP_STATUS = '1'
		  LEFT JOIN GN.EMPLOYEE CW ON A.COMMENT_WRTID = CW.EMP_INDEX AND CW.EMP_STATUS = '1'
		 WHERE A.WORK_DATE BETWEEN TO_DATE(#{workDate}, 'YYYY-MM') AND LAST_DAY(TO_DATE(#{workDate}, 'YYYY-MM'))
		   AND (A.DEL_YN = 'n' OR A.DEL_YN IS NULL)
		 ORDER BY A.WORK_DATE, E.NAME
	</select>


    <!-- 업무 list 조회(월별 업무목록 화면) -->
    <select id="srchMonthWorkListbak1" parameterType="java.util.Map" resultType="com.gn.work.vo.WorkManagementVO">
	    SELECT
		    ROW_NUMBER() OVER (PARTITION BY TRUNC(A.WORK_DATE, 'DD') ORDER BY A.WORK_DATE, E.NAME) AS workOrder,
		    A.IDX AS idx,
		    A.EMP_ID AS empId,
		    E.NAME AS empName,
		    A.WORK_DATE AS workDate,
		    A.CATEGORY AS category,
		    A.PROJECT_ID AS projectId,
		    A.PROJECT_NAME AS projectName,
		    A.STAGE1_ID AS stage1Id,
		    A.STAGE2_ID AS stage2Id,
		    A.STAGE1_NAME AS stage1Name,
		    A.STAGE2_NAME AS stage2Name,
		    A.CUSTOM_STAGE AS customStage,
		    A.MAIN_TASK AS mainTask,
		    A.PM_IN_CHARGE AS pmInCharge,
		    A.PM_IN_CHARGE_NAME AS pmInChargeName,
		    P.EMP_INDEX AS pmEmpIndex,
		    PM.NAME AS pmName,
		    A.ADMIN_COMMENT AS adminComment,
		    A.TASK_FILE AS taskFile,
		    A.TASK_FILE_NAME AS taskFileName,
		    A.CPL_YN AS cplYn,
		    A.NOTFI_YN AS notfiYn,
		    'n' AS preWorkYn,
		    CW.NAME AS commentWrt
		FROM GN.WORK A
		JOIN GN.EMPLOYEE E ON 1=1
		<if test="empId != null and empId != ''">
		AND A.EMP_ID  = #{empId}
		</if>
		<if test="empIndex != null and empIndex != ''">
		AND A.EMP_ID  = (SELECT ID FROM EMPLOYEE WHERE EMP_INDEX = #{empIndex} AND ROWNUM = 1)
		</if>
		<if test="categorySelect != null and categorySelect != ''">
		  <choose>
	        <when test="categorySelect == 'pjt'">
	            AND A.PROJECT_NAME LIKE '%' || #{keywordInput} || '%'
	        </when>
	        <when test="categorySelect == 'task'">
	            AND A.MAIN_TASK LIKE '%' || #{keywordInput} || '%'
	        </when>
	        <otherwise>
	        </otherwise>
	      </choose>
	   </if>
	   <if test="categorySelect == '' and keywordInput != null and keywordInput != ''">
	   		AND (A.PROJECT_NAME LIKE '%' || #{keywordInput} || '%' OR A.MAIN_TASK LIKE '%' || #{keywordInput} || '%')
	   </if>
	   <if test="cplYn == 1"> AND A.CPL_YN = 'y' </if>					 
		AND A.EMP_ID = E.ID 
		AND E.EMP_STATUS = '1'
		LEFT JOIN GN.PROJECT_INFO P ON A.PROJECT_ID = P.PROJECT_ID
		LEFT JOIN GN.EMPLOYEE PM ON P.EMP_INDEX = PM.EMP_INDEX AND PM.EMP_STATUS = '1'
		LEFT JOIN GN.EMPLOYEE CW ON A.COMMENT_WRTID = CW.EMP_INDEX AND CW.EMP_STATUS = '1'
		WHERE TRUNC(A.WORK_DATE, 'MM') = TO_DATE(#{workDate}, 'YYYY-MM')
		AND (A.DEL_YN = 'n' OR A.DEL_YN IS NULL)
		ORDER BY A.WORK_DATE, E.NAME ASC
	</select>
	
    <!-- 업무 list 조회(월별 업무목록 화면) -->
    <select id="srchMonthWorkListbak" parameterType="java.util.Map" resultType="com.gn.work.vo.WorkManagementVO">
		SELECT  ROW_NUMBER() OVER (PARTITION BY TRUNC(A.WORK_DATE, 'DD') ORDER BY A.WORK_DATE,(SELECT NAME FROM EMPLOYEE WHERE ID = A.EMP_ID AND EMP_STATUS = '1' AND ROWNUM = 1)) AS workOrder,
				IDX AS idx, 
				EMP_ID AS empId ,
				(SELECT NAME FROM EMPLOYEE WHERE ID = A.EMP_ID AND EMP_STATUS = '1' AND ROWNUM = 1) AS empName,
				WORK_DATE AS workDate , 
				CATEGORY AS category , 
				PROJECT_ID AS projectId ,	 
				PROJECT_NAME AS projectName , 
				STAGE1_ID AS stage1Id , 
				STAGE2_ID AS stage2Id , 
				STAGE1_NAME AS stage1Name , 
				STAGE2_NAME AS stage2Name ,
				CUSTOM_STAGE AS customStage ,  
				MAIN_TASK AS mainTask , 
				PM_IN_CHARGE AS pmInCharge ,
				PM_IN_CHARGE_NAME AS pmInChargeName , 
				(SELECT EMP_INDEX FROM PROJECT_INFO WHERE PROJECT_ID = A.PROJECT_ID AND ROWNUM = 1) AS pmEmpIndex ,
				(SELECT NAME FROM EMPLOYEE BB WHERE BB.EMP_INDEX = (SELECT EMP_INDEX FROM PROJECT_INFO AA WHERE AA.PROJECT_ID = A.PROJECT_ID AND ROWNUM = 1) AND BB.EMP_STATUS = '1' AND ROWNUM = 1) AS pmName ,				
				ADMIN_COMMENT AS adminComment , 
				TASK_FILE AS taskFile , 
				TASK_FILE_NAME AS taskFileName
				,CPL_YN AS cplYn
				,NOTFI_YN AS notfiYn
				,'n' AS preWorkYn	
				,(SELECT NAME FROM EMPLOYEE WHERE EMP_INDEX = A.COMMENT_WRTID AND EMP_STATUS = '1' AND ROWNUM = 1) AS commentWrt			  
		FROM GN.WORK A
		WHERE 1=1
		<if test="empId != null and empId != ''">
		AND EMP_ID  = #{empId}
		</if>
		<if test="empIndex != null and empIndex != ''">
		AND EMP_ID  = (SELECT ID FROM EMPLOYEE WHERE EMP_INDEX = #{empIndex} AND ROWNUM = 1)
		</if>		
		AND TRUNC(WORK_DATE, 'MM') = TO_DATE(#{workDate}, 'YYYY-MM')
		<if test="categorySelect != null and categorySelect != ''">
		  <choose>
	        <when test="categorySelect == 'pjt'">
	            AND PROJECT_NAME LIKE '%' || #{keywordInput} || '%'
	        </when>
	        <when test="categorySelect == 'task'">
	            AND MAIN_TASK LIKE '%' || #{keywordInput} || '%'
	        </when>
	        <otherwise>
	        </otherwise>
	      </choose>
	   </if>
	   <if test="categorySelect == '' and keywordInput != null and keywordInput != ''">
	   		AND (PROJECT_NAME LIKE '%' || #{keywordInput} || '%' OR MAIN_TASK LIKE '%' || #{keywordInput} || '%')
	   </if>
	   <if test="cplYn == 1"> AND CPL_YN = 'y' </if>
	   AND (DEL_YN = 'n' OR DEL_YN IS NULL)
	   ORDER BY WORK_DATE, empName ASC
    </select>
    
     <!-- 업무 list 조회(담당업무일지목록) -->
    <select id="srchResWorkList" parameterType="java.util.Map" resultType="com.gn.work.vo.WorkManagementVO">
		SELECT  ROW_NUMBER() OVER (PARTITION BY TRUNC(A.WORK_DATE, 'DD') ORDER BY A.WORK_DATE, (SELECT NAME FROM EMPLOYEE WHERE ID = A.EMP_ID AND EMP_STATUS = '1' AND ROWNUM = 1)) AS workOrder,
				IDX AS idx, 
				EMP_ID AS empId ,
				(SELECT NAME FROM EMPLOYEE WHERE ID = A.EMP_ID AND EMP_STATUS = '1' AND ROWNUM = 1) AS empName,
				WORK_DATE AS workDate , 
				CATEGORY AS category , 
				PROJECT_ID AS projectId ,	 
				PROJECT_NAME AS projectName , 
				STAGE1_ID AS stage1Id , 
				STAGE2_ID AS stage2Id , 
				STAGE1_NAME AS stage1Name , 
				STAGE2_NAME AS stage2Name ,
				CUSTOM_STAGE AS customStage ,  
				MAIN_TASK AS mainTask , 
				PM_IN_CHARGE AS pmInCharge ,
				PM_IN_CHARGE_NAME AS pmInChargeName , 
				(SELECT EMP_INDEX FROM PROJECT_INFO WHERE PROJECT_ID = A.PROJECT_ID AND ROWNUM = 1) AS pmEmpIndex ,
				(SELECT NAME FROM EMPLOYEE BB WHERE BB.EMP_INDEX = (SELECT EMP_INDEX FROM PROJECT_INFO AA WHERE AA.PROJECT_ID = A.PROJECT_ID AND ROWNUM = 1) AND BB.EMP_STATUS = '1' AND ROWNUM = 1) AS pmName ,				
				ADMIN_COMMENT AS adminComment , 
				TASK_FILE AS taskFile , 
				TASK_FILE_NAME AS taskFileName
				,CPL_YN AS cplYn
				,NOTFI_YN AS notfiYn
				,'n' AS preWorkYn	
				,(SELECT NAME FROM EMPLOYEE WHERE EMP_INDEX = A.COMMENT_WRTID AND EMP_STATUS = '1' AND ROWNUM = 1) AS commentWrt			  
		FROM GN.WORK A
		WHERE 1=1
		AND TRUNC(WORK_DATE, 'MM') = TO_DATE(#{workDate}, 'YYYY-MM')
		<if test="categorySelect != null and categorySelect != ''">
		  <choose>
	        <when test="categorySelect == 'pjt'">
	            AND PROJECT_NAME LIKE '%' || #{keywordInput} || '%'
	        </when>
	        <when test="categorySelect == 'task'">
	            AND MAIN_TASK LIKE '%' || #{keywordInput} || '%'
	        </when>
	        <otherwise>
	        </otherwise>
	      </choose>
	   </if>
	   <if test="categorySelect == '' and keywordInput != null and keywordInput != ''">
	   		AND (PROJECT_NAME LIKE '%' || #{keywordInput} || '%' OR MAIN_TASK LIKE '%' || #{keywordInput} || '%')
	   </if>
	   <if test="cplYn == 1"> AND CPL_YN = 'y' </if>
	   AND (DEL_YN = 'n' OR DEL_YN IS NULL)
	   AND (PROJECT_ID IN (SELECT PROJECT_ID FROM PROJECT_INFO WHERE EMP_INDEX = #{empIndex}) OR PM_IN_CHARGE = #{empIndex})
	   ORDER BY WORK_DATE, empName ASC
    </select>
    
    <!-- 업무 list 조회(일별 업무목록 화면) -->
    <select id="srchDayWorkList" parameterType="java.util.Map" resultType="com.gn.work.vo.WorkManagementVO">
		SELECT  IDX AS idx, 
				EMP_ID AS empId , 
				WORK_DATE AS workDate , 
				CATEGORY AS category , 
				PROJECT_ID AS projectId ,
				(SELECT EMP_INDEX FROM PROJECT_INFO WHERE PROJECT_ID = A.PROJECT_ID AND ROWNUM = 1) AS pmEmpIndex ,	
				(SELECT NAME FROM EMPLOYEE BB WHERE BB.EMP_INDEX = (SELECT EMP_INDEX FROM PROJECT_INFO AA WHERE AA.PROJECT_ID = A.PROJECT_ID AND ROWNUM = 1) AND BB.EMP_STATUS = '1' AND ROWNUM = 1) AS pmName ,	 
				PROJECT_NAME AS projectName , 
				STAGE1_ID AS stage1Id , 
				STAGE2_ID AS stage2Id , 
				STAGE1_NAME AS stage1Name , 
				STAGE2_NAME AS stage2Name ,
				CUSTOM_STAGE AS customStage , 
				MAIN_TASK AS mainTask , 
				PM_IN_CHARGE AS pmInCharge ,
				PM_IN_CHARGE_NAME AS pmInChargeName , 
				ADMIN_COMMENT AS adminComment , 
				TASK_FILE AS taskFile , 
				TASK_FILE_NAME AS taskFileName
				,CPL_YN AS cplYn
				,NOTFI_YN AS notfiYn
				,'n' AS preWorkYn
				, CASE WHEN WORK_DATE >= (
							SELECT A.WORK_DATE
							FROM(
						        SELECT
									DISTINCT WORK_DATE
								FROM
									GN.WORK
								WHERE
									EMP_ID = #{empId}
								UNION ALL
								SELECT
									DISTINCT TRUNC(SYSDATE) AS WORK_DATE
								FROM DUAL			
								ORDER BY WORK_DATE DESC	
							) A
							ORDER BY A.WORK_DATE DESC OFFSET 1 ROW FETCH NEXT 1 ROW ONLY 
				        )
				        THEN 'y' 
				        ELSE 'n' 
				  END AS modYn	
			,(SELECT NAME FROM EMPLOYEE WHERE EMP_INDEX = A.COMMENT_WRTID AND EMP_STATUS = '1' AND ROWNUM = 1) AS commentWrt		  							  
		FROM GN.WORK A
		WHERE EMP_ID  = #{empId}
		AND WORK_DATE = TO_DATE(#{workDate}, 'YYYY-MM-DD')
		AND (DEL_YN = 'n' OR DEL_YN IS NULL)
		ORDER BY IDX ASC
    </select>
    
    <!-- 업무 list 조회(등록수정 화면) -->
    <select id="srchWorkList" parameterType="java.util.Map" resultType="com.gn.work.vo.WorkManagementVO">
    	SELECT  -1 AS idx, 
				EMP_ID AS empId , 
				WORK_DATE AS workDate , 
				CATEGORY AS category , 
				PROJECT_ID AS projectId ,
				(SELECT EMP_INDEX FROM PROJECT_INFO WHERE PROJECT_ID = A.PROJECT_ID AND ROWNUM = 1) AS pmEmpIndex ,	 
				PROJECT_NAME AS projectName , 
				STAGE1_ID AS stage1Id , 
				STAGE2_ID AS stage2Id , 
				STAGE1_NAME AS stage1Name , 
				STAGE2_NAME AS stage2Name ,
				CUSTOM_STAGE AS customStage ,  
				MAIN_TASK AS mainTask , 
				PM_IN_CHARGE AS pmInCharge ,
				PM_IN_CHARGE_NAME AS pmInChargeName , 
				'' AS adminComment , 
				TASK_FILE AS taskFile , 
				TASK_FILE_NAME AS taskFileName  
				,CPL_YN AS cplYn
				,NOTFI_YN AS notfiYn
				,'y' AS preWorkYn
				, CASE WHEN (WORK_DATE >= (
				            SELECT DISTINCT WORK_DATE
				            FROM GN.WORK
				            WHERE EMP_ID = #{empId}
				            ORDER BY WORK_DATE DESC
				            OFFSET 1 ROW FETCH NEXT 1 ROW ONLY
				        )) 
				        OR ( WORK_DATE >= (
				        SELECT DISTINCT NVL(WORK_DATE, TRUNC(SYSDATE)) AS WORK_DATE
						FROM GN.WORK
						WHERE EMP_ID = #{empId}
				        )) 
				        THEN 'y' 
				        ELSE 'n' 
				  END AS modYn	
			    ,(SELECT NAME FROM EMPLOYEE WHERE EMP_INDEX = A.COMMENT_WRTID AND EMP_STATUS = '1' AND ROWNUM = 1) AS commentWrt	  					
		FROM GN.WORK A
		WHERE EMP_ID  = #{empId}
		AND WORK_DATE = (
	      SELECT MAX(WORK_DATE) 
	      FROM GN.WORK 
	      WHERE EMP_ID = #{empId}
	      AND WORK_DATE &lt; TO_DATE(#{workDate}, 'YYYY-MM-DD')
		)
		AND (DEL_YN = 'n' OR DEL_YN IS NULL)
		AND NOT EXISTS( SELECT 1 FROM GN.WORK WHERE EMP_ID = #{empId} AND WORK_DATE = TO_DATE(#{workDate}, 'YYYY-MM-DD') AND (DEL_YN = 'n' OR DEL_YN IS NULL) )		
		UNION ALL
		SELECT  IDX AS idx, 
				EMP_ID AS empId , 
				WORK_DATE AS workDate , 
				CATEGORY AS category , 
				PROJECT_ID AS projectId ,
				(SELECT EMP_INDEX FROM PROJECT_INFO WHERE PROJECT_ID = B.PROJECT_ID AND ROWNUM = 1) AS pmEmpIndex	, 	 
				PROJECT_NAME AS projectName , 
				STAGE1_ID AS stage1Id , 
				STAGE2_ID AS stage2Id , 
				STAGE1_NAME AS stage1Name , 
				STAGE2_NAME AS stage2Name ,
				CUSTOM_STAGE AS customStage ,  
				MAIN_TASK AS mainTask , 
				PM_IN_CHARGE AS pmInCharge ,
				PM_IN_CHARGE_NAME AS pmInChargeName , 
				ADMIN_COMMENT AS adminComment , 
				TASK_FILE AS taskFile , 
				TASK_FILE_NAME AS taskFileName
				,CPL_YN AS cplYn
				,NOTFI_YN AS notfiYn
				,'n' AS preWorkYn
				, CASE WHEN (WORK_DATE >= (
				            SELECT DISTINCT WORK_DATE
				            FROM GN.WORK
				            WHERE EMP_ID = #{empId}
				            ORDER BY WORK_DATE DESC
				            OFFSET 1 ROW FETCH NEXT 1 ROW ONLY
				        ))
				        OR ( WORK_DATE >= (
				        SELECT DISTINCT NVL(WORK_DATE, TRUNC(SYSDATE)) AS WORK_DATE
						FROM GN.WORK
						WHERE EMP_ID = #{empId}
				        )) 
				        THEN 'y' 
				        ELSE 'n' 
				  END AS modYn				
				,(SELECT NAME FROM EMPLOYEE WHERE EMP_INDEX = B.COMMENT_WRTID AND EMP_STATUS = '1' AND ROWNUM = 1) AS commentWrt  						  
		FROM GN.WORK B
		WHERE EMP_ID  = #{empId}
		AND WORK_DATE = TO_DATE(#{workDate}, 'YYYY-MM-DD')
		AND (DEL_YN = 'n' OR DEL_YN IS NULL)
		ORDER BY IDX ASC
    </select>
    
    <!-- 1 단계 코드 list 조회 -->
    <select id="srchStage1List" parameterType="java.util.Map" resultType="com.gn.work.vo.WorkManagementVO">
		SELECT DISTINCT STAGE AS stage, STAGE_NAME AS stageName 
		FROM STAGE_CODE
		WHERE 1=1 
		AND ( STAGE LIKE #{stageCode} || '%' 
			  <if test="stageCode == '10'"> OR STAGE LIKE '11%' </if>
			  <if test="stageCode == '20'"> OR STAGE LIKE '21%' </if>
			  <if test="stageCode == '30'"> OR STAGE LIKE '31%' </if>  
			)
		ORDER BY STAGE
    </select>

    <!-- 2 단계 코드 list 조회 -->
    <select id="srchStage2List" parameterType="java.util.Map" resultType="com.gn.work.vo.WorkManagementVO">
		SELECT CODE_ID AS codeId, CODE_NAME AS codeName 
		FROM STAGE_CODE
		WHERE STAGE = #{stageCode}
		ORDER BY CODE_ID
    </select>
        
    <update id="updateWorkState" parameterType="com.gn.work.vo.WorkManagementVO">    
	    UPDATE WORK 
	    SET <if test="cplYn != null and cplYn != ''"> CPL_YN   =  #{cplYn} </if> 
	        <if test="notfiYn != null and notfiYn != ''"> NOTFI_YN =  #{notfiYn} </if>
		WHERE IDX = #{idx}
	</update>
	
	<update id="deleteWorkFile" parameterType="com.gn.work.vo.WorkManagementVO">    
	    UPDATE WORK 
	    SET TASK_FILE = NULL , TASK_FILE_NAME = NULL
		WHERE IDX = #{idx}
	</update>
	
	<select id="srchPjtList" parameterType="java.util.Map" resultType="com.gn.work.vo.WorkManagementVO">
		SELECT DISTINCT PROJECT_ID AS projectId, PROJECT_NAME AS projectName, CATEGORY AS category, EMP_INDEX AS pmEmpIndex
		FROM PROJECT_INFO
		WHERE 1=1
		AND (DEL_YN IS NULL OR DEL_YN != 'y')
		ORDER BY PROJECT_ID
	</select>

	<select id="srchPmList" parameterType="java.util.Map" resultType="com.gn.work.vo.WorkManagementVO">
		SELECT DISTINCT EMP_INDEX AS empIndex, NAME AS pmName
		FROM EMPLOYEE
		WHERE 1=1
		AND EMP_STATUS = '1'
		ORDER BY EMP_INDEX
	</select>

	<select id="srchEmpList" parameterType="java.util.Map" resultType="com.gn.work.vo.WorkManagementVO">
		SELECT DISTINCT EMP_INDEX AS empIndex, NAME AS empName
		FROM EMPLOYEE
		WHERE 1=1
		AND EMP_STATUS = '1'
		ORDER BY EMP_INDEX
	</select>
	
	<select id="srchPjtManageList" parameterType="java.util.Map" resultType="com.gn.work.vo.WorkManagementVO">
		SELECT DISTINCT PROJECT_ID AS projectId, PROJECT_NAME AS projectName , CATEGORY AS category
		       ,STAGE1_ID AS stage1Id ,STAGE2_ID AS stage2Id
		       ,(SELECT sc.STAGE_NAME FROM STAGE_CODE sc WHERE sc.STAGE = STAGE1_ID AND ROWNUM =1)  AS stage1Name
			   ,(SELECT sc.CODE_NAME FROM STAGE_CODE sc WHERE sc.CODE_ID = STAGE2_ID AND ROWNUM =1) AS stage2Name 
		       ,CUSTOM_STAGE AS customStage , EMP_INDEX AS empIndex , PM_NAME AS pmName , NVL(STATUS,'0') as status
		FROM PROJECT_INFO
		WHERE 1=1
		<if test="category != null and category != ''">
		AND CATEGORY = #{category}
		</if>
		AND (DEL_YN IS NULL OR DEL_YN != 'y')
		ORDER BY PROJECT_ID DESC
	</select>

	<update id="mergeProjectInfo" parameterType="com.gn.work.vo.WorkManagementVO">
	    MERGE INTO PROJECT_INFO target
	    USING (
	        SELECT
	            #{projectId} AS PROJECT_ID,
	            #{projectName} AS PROJECT_NAME,
	            #{category} AS CATEGORY,
	            #{stage1Id} AS STAGE1_ID,
	            #{stage2Id} AS STAGE2_ID,
	            #{customStage,jdbcType=VARCHAR} AS CUSTOM_STAGE,
	            #{empIndex} AS EMP_INDEX,
	            #{pmName} AS PM_NAME,
	            #{startDate,jdbcType=DATE} AS START_DATE,
	            #{endDate,jdbcType=DATE} AS END_DATE,
	            #{status,jdbcType=VARCHAR} AS STATUS,
	            #{description,jdbcType=VARCHAR} AS DESCRIPTION,
	            #{delYn} AS DEL_YN,
	            SYSDATE AS CREATED_AT,
	            SYSDATE AS UPDATED_AT
	        FROM DUAL
	    ) source
	    ON (target.PROJECT_ID = source.PROJECT_ID)
	    WHEN MATCHED THEN
	        UPDATE SET
	            target.PROJECT_NAME = source.PROJECT_NAME,
	            target.CATEGORY = source.CATEGORY,
	            target.STAGE1_ID = source.STAGE1_ID,
	            target.STAGE2_ID = source.STAGE2_ID,
	            target.CUSTOM_STAGE = source.CUSTOM_STAGE,
	            target.EMP_INDEX = source.EMP_INDEX,
	            target.PM_NAME = source.PM_NAME,
	            target.START_DATE = source.START_DATE,
	            target.END_DATE = source.END_DATE,
	            target.STATUS = source.STATUS,
	            target.DESCRIPTION = source.DESCRIPTION,
	            target.DEL_YN = source.DEL_YN,
	            target.UPDATED_AT = SYSDATE
	    WHEN NOT MATCHED THEN
	        INSERT (
	            PROJECT_ID,
	            PROJECT_NAME,
	            CATEGORY,
	            STAGE1_ID,
	            STAGE2_ID,
	            CUSTOM_STAGE,
	            EMP_INDEX,
	            PM_NAME,
	            START_DATE,
	            END_DATE,
	            STATUS,
	            DESCRIPTION,
	            DEL_YN,
	            CREATED_AT,
	            UPDATED_AT
	        )
	        VALUES (
	            source.PROJECT_ID,
	            source.PROJECT_NAME,
	            source.CATEGORY,
	            source.STAGE1_ID,
	            source.STAGE2_ID,
	            source.CUSTOM_STAGE,
	            source.EMP_INDEX,
	            source.PM_NAME,
	            source.START_DATE,
	            source.END_DATE,
	            source.STATUS,
	            source.DESCRIPTION,
	            source.DEL_YN,
	            source.CREATED_AT,
	            source.UPDATED_AT
	        )
	</update>

    <!-- 프로젝트 정보 삭제 -->
    <delete id="deleteProjectInfo" parameterType="com.gn.work.vo.WorkManagementVO">
        DELETE FROM GN.PROJECT_INFO
        WHERE PROJECT_ID = #{prjtId}
    </delete>

    <!-- Select WorkFileVO by ID -->
    <select id="getWorkFileByIdx" parameterType="int" resultMap="workFileResultMap">
        SELECT 
            IDX, EMP_ID, WORK_DATE, CATEGORY, PROJECT_ID, PROJECT_NAME, 
            STAGE1_ID, STAGE2_ID, STAGE1_NAME, STAGE2_NAME, 
            TASK_FILE, TASK_FILE_NAME
        FROM WORK
        WHERE IDX = #{idx}
    </select>
    
    <resultMap id="workFileResultMap" type="com.gn.work.vo.WorkFileVO">
	    <result property="idx" column="IDX"/>
	    <result property="taskFile" column="TASK_FILE" jdbcType="BLOB" javaType="java.io.InputStream"/>
	    <result property="taskFileName" column="TASK_FILE_NAME"/>
	</resultMap>

	<!-- 	
	<select id="srchPmList" parameterType="java.util.Map" resultType="com.gn.work.vo.WorkManagementVO">
		SELECT DISTINCT EMP_INDEX AS empIndex, PM_NAME AS pmName
		FROM PROJECT_INFO
		WHERE 1=1
		AND (DEL_YN IS NULL OR DEL_YN != 'y')
		ORDER BY EMP_INDEX
	</select>
	-->
	 	
	<!-- 
    <insert id="insertWorkData" parameterType="com.gn.work.vo.WorkManagementVO">
        INSERT INTO GN.WORK (
        	IDX,
        	EMP_ID,
        	WORK_DATE,
            CATEGORY,
            PROJECT_ID,
            PROJECT_NAME,
            STAGE1_ID,
            STAGE2_ID,
            STAGE1_NAME,
            STAGE2_NAME,            
            MAIN_TASK,
            PM_IN_CHARGE,
            ADMIN_COMMENT,
            TASK_FILE,
            TASK_FILE_NAME
        ) VALUES (
        	IDX_SEQ.NEXTVAL,
	        #{empId},
	        #{workDate,jdbcType=DATE},
            #{category},
            #{projectId},
            #{projectName},
            #{stage1Id},
            #{stage2Id},
            #{stage1Name},
            #{stage2Name},
            #{mainTask},
            #{pmInCharge},
            #{adminComment,jdbcType=VARCHAR},
            #{taskFile,jdbcType=BLOB},
            #{taskFileName,jdbcType=VARCHAR}
        )
    </insert>
 	-->
	
	<!-- 메인 - alert -->
    <select id="alertByEmpId" parameterType="java.util.Map" resultType="com.gn.work.vo.WorkManagementVO">
        SELECT 
		    W.IDX AS idx,
		    W.EMP_ID AS empId,
		    E.NAME AS empName,
		    W.WORK_DATE AS workDate,
		    W.CATEGORY AS category,
		    W.PROJECT_ID AS projectId,
		    W.PROJECT_NAME AS projectName,
		    W.STAGE1_ID AS stage1Id,
		    W.STAGE2_ID AS stage2Id,
		    W.STAGE1_NAME AS stage1Name,
		    W.STAGE2_NAME AS stage2Name,
		    W.CUSTOM_STAGE AS stage,
		    W.MAIN_TASK AS mainTask,
		    W.PM_IN_CHARGE AS pmInCharge,
		    W.PM_IN_CHARGE_NAME AS pmInChargeName,
		    W.ADMIN_COMMENT AS adminComment,
		    W.TASK_FILE AS taskFile,
		    W.TASK_FILE_NAME AS taskFileName,
		    W.CPL_YN AS cplYn,
		    W.NOTFI_YN AS notfiYn
		FROM 
		    WORK W
		LEFT JOIN 
		    EMPLOYEE E
		ON 
		    W.EMP_ID = E.ID
	    WHERE 1=1
	      AND (W.DEL_YN = 'n' OR W.DEL_YN IS NULL)
		<if test="empId != null and empId != ''">
		  AND W.EMP_ID = #{empId}
		</if>
    </select>
    
	<!-- 메인 - alert(관리자) -->
    <select id="alertByAllEmp" parameterType="java.util.Map" resultType="com.gn.work.vo.WorkManagementVO">
       	SELECT 
		    W.IDX AS idx,
		    W.EMP_ID AS empId,
		    E.NAME AS empName,
		    W.WORK_DATE AS workDate,
		    W.CATEGORY AS category,
		    W.PROJECT_ID AS projectId,
		    W.PROJECT_NAME AS projectName,
		    W.STAGE1_ID AS stage1Id,
		    W.STAGE2_ID AS stage2Id,
		    W.STAGE1_NAME AS stage1Name,
		    W.STAGE2_NAME AS stage2Name,
		    W.CUSTOM_STAGE AS stage,
		    W.MAIN_TASK AS mainTask,
		    W.PM_IN_CHARGE AS pmInCharge,
		    W.PM_IN_CHARGE_NAME AS pmInChargeName,
		    W.ADMIN_COMMENT AS adminComment,
		    W.TASK_FILE AS taskFile,
		    W.TASK_FILE_NAME AS taskFileName,
		    W.CPL_YN AS cplYn,
		    W.NOTFI_YN AS notfiYn
		FROM 
		    WORK W
		LEFT JOIN 
		    EMPLOYEE E
		ON 
		    W.EMP_ID = E.ID
		WHERE 
		    W.EMP_ID IS NOT NULL
		    AND (W.DEL_YN = 'n' OR W.DEL_YN IS NULL)
		ORDER BY W.WORK_DATE DESC
    </select>

   
    
</mapper>
